{
    "versions": {
        "1.14": {
            "block": {
                "smooth stone_side": "smooth_stone_slab_side",
                "smooth stone_top": "smooth_stone"
            },
            "item": {
                "sign": "oak_sign",
                "dye_red": "red_dye",
                "dye_green": "green_dye",
                "dye_yellow": "yellow_dye"
            },
            "entity_abstract": {
                "zombie_butcher": true,
                "zombie_farmer": true,
                "zombie_librarian": true,
                "zombie_priest": true,
                "zombie_smith": true,
                "zombie_villager": true,
                "butcher": true,
                "farmer": true,
                "librarian": true,
                "priest": true,
                "smith": true,
                "villager": true,
                "sign": "signs\\oak"
            }
        },
        "1.14.2": {
            "block": {
                "smooth stone_side": "smooth_stone_slab_side",
                "smooth stone_top": "smooth_stone"
            },
            "item": {
                "sign": "oak_sign",
                "dye_red": "red_dye",
                "dye_green": "green_dye",
                "dye_yellow": "yellow_dye"
            },
            "entity_abstract": {
                "zombie_butcher": true,
                "zombie_farmer": true,
                "zombie_librarian": true,
                "zombie_priest": true,
                "zombie_smith": true,
                "zombie_villager": true,
                "butcher": true,
                "farmer": true,
                "librarian": true,
                "priest": true,
                "smith": true,
                "villager": true,
                "sign": "signs\\oak"
            }
        },
        "1.14.3": {
            "block": {
                "smooth stone_side": "smooth_stone_slab_side",
                "smooth stone_top": "smooth_stone"
            },
            "item": {
                "sign": "oak_sign",
                "dye_red": "red_dye",
                "dye_green": "green_dye",
                "dye_yellow": "yellow_dye"
            },
            "entity_abstract": {
                "zombie_butcher": true,
                "zombie_farmer": true,
                "zombie_librarian": true,
                "zombie_priest": true,
                "zombie_smith": true,
                "zombie_villager": true,
                "butcher": true,
                "farmer": true,
                "librarian": true,
                "priest": true,
                "smith": true,
                "villager": true,
                "sign": "signs\\oak"
            }
        },
        "1.15": {
            "block": {
                "smooth stone_side": "smooth_stone_slab_side",
                "smooth stone_top": "smooth_stone"
            },
            "item": {
                "sign": "oak_sign",
                "dye_red": "red_dye",
                "dye_green": "green_dye",
                "dye_yellow": "yellow_dye"
            },
            "entity_abstract": {
                "zombie_butcher": true,
                "zombie_farmer": true,
                "zombie_librarian": true,
                "zombie_priest": true,
                "zombie_smith": true,
                "zombie_villager": true,
                "butcher": true,
                "farmer": true,
                "librarian": true,
                "priest": true,
                "smith": true,
                "villager": true,
                "villager_golem": "iron_golem\\iron_golem",
                "largechest": true,
                "sign": "signs\\oak",
                "christmas_double": true,
                "trapped_double": true
            }
        },
        "1.15.1": {
            "block": {
                "smooth stone_side": "smooth_stone_slab_side",
                "smooth stone_top": "smooth_stone"
            },
            "item": {
                "sign": "oak_sign",
                "dye_red": "red_dye",
                "dye_green": "green_dye",
                "dye_yellow": "yellow_dye"
            },
            "entity_abstract": {
                "zombie_butcher": true,
                "zombie_farmer": true,
                "zombie_librarian": true,
                "zombie_priest": true,
                "zombie_smith": true,
                "zombie_villager": true,
                "butcher": true,
                "farmer": true,
                "librarian": true,
                "priest": true,
                "smith": true,
                "villager": true,
                "villager_golem": "iron_golem\\iron_golem",
                "largechest": true,
                "sign": "signs\\oak",
                "christmas_double": true,
                "trapped_double": true
            }
        },
        "1.16": {
            "block": {
                "smooth stone_side": "smooth_stone_slab_side",
                "smooth stone_top": "smooth_stone"
            },
            "item": {
                "sign": "oak_sign",
                "dye_red": "red_dye",
                "dye_green": "green_dye",
                "dye_yellow": "yellow_dye"
            },
            "entity_abstract": {
                "zombie_butcher": true,
                "zombie_farmer": true,
                "zombie_librarian": true,
                "zombie_priest": true,
                "zombie_smith": true,
                "zombie_villager": true,
                "butcher": true,
                "farmer": true,
                "librarian": true,
                "priest": true,
                "smith": true,
                "villager": true,
                "pigzombie": true,
                "villager_golem": "iron_golem\\iron_golem",
                "largechest": true,
                "sign": "signs\\oak",
                "christmas_double": true,
                "trapped_double": true
            }
        },
        "1.16.1": {
            "block": {
                "smooth stone_side": "smooth_stone_slab_side",
                "smooth stone_top": "smooth_stone"
            },
            "item": {
                "sign": "oak_sign",
                "dye_red": "red_dye",
                "dye_green": "green_dye",
                "dye_yellow": "yellow_dye"
            },
            "entity_abstract": {
                "zombie_butcher": true,
                "zombie_farmer": true,
                "zombie_librarian": true,
                "zombie_priest": true,
                "zombie_smith": true,
                "zombie_villager": true,
                "butcher": true,
                "farmer": true,
                "librarian": true,
                "priest": true,
                "smith": true,
                "villager": true,
                "pigzombie": true,
                "villager_golem": "iron_golem\\iron_golem",
                "largechest": true,
                "sign": "signs\\oak",
                "christmas_double": true,
                "trapped_double": true
            }
        },
        "1.16.5": {
            "block": {
                "smooth stone_side": "smooth_stone_slab_side",
                "smooth stone_top": "smooth_stone"
            },
            "item": {
                "sign": "oak_sign",
                "dye_red": "red_dye",
                "dye_green": "green_dye",
                "dye_yellow": "yellow_dye"
            },
            "entity_abstract": {
                "zombie_butcher": true,
                "zombie_farmer": true,
                "zombie_librarian": true,
                "zombie_priest": true,
                "zombie_smith": true,
                "zombie_villager": true,
                "butcher": true,
                "farmer": true,
                "librarian": true,
                "priest": true,
                "smith": true,
                "villager": true,
                "pigzombie": true,
                "villager_golem": "iron_golem\\iron_golem",
                "largechest": true,
                "sign": "signs\\oak",
                "christmas_double": true,
                "trapped_double": true
            }
        },
        "1.17.1": {
            "block": {
                "smooth stone_side": "smooth_stone_slab_side",
                "smooth stone_top": "smooth_stone",
                "grass_side_path": "dirt_path_side",
                "grass_top_path": "dirt_path_top"
            },
            "item": {
                "sign": "oak_sign",
                "dye_red": "red_dye",
                "dye_green": "green_dye",
                "dye_yellow": "yellow_dye"
            },
            "entity_abstract": {
                "zombie_butcher": true,
                "zombie_farmer": true,
                "zombie_librarian": true,
                "zombie_priest": true,
                "zombie_smith": true,
                "zombie_villager": true,
                "butcher": true,
                "farmer": true,
                "librarian": true,
                "priest": true,
                "smith": true,
                "villager": true,
                "pigzombie": true,
                "squid": "squid",
                "villager_golem": "iron_golem\\iron_golem",
                "largechest": true,
                "sign": "signs\\oak",
                "christmas_double": true,
                "trapped_double": true
            }
        },
        "1.18.2": {
            "block": {
                "smooth stone_side": "smooth_stone_slab_side",
                "smooth stone_top": "smooth_stone",
                "grass_side_path": "dirt_path_side",
                "grass_top_path": "dirt_path_top"
            },
            "item": {
                "sign": "oak_sign",
                "dye_red": "red_dye",
                "dye_green": "green_dye",
                "dye_yellow": "yellow_dye"
            },
            "entity_abstract": {
                "zombie_butcher": true,
                "zombie_farmer": true,
                "zombie_librarian": true,
                "zombie_priest": true,
                "zombie_smith": true,
                "zombie_villager": true,
                "butcher": true,
                "farmer": true,
                "librarian": true,
                "priest": true,
                "smith": true,
                "villager": true,
                "pigzombie": true,
                "squid": "squid\\squid",
                "villager_golem": "iron_golem\\iron_golem",
                "largechest": true,
                "sign": "signs\\oak",
                "christmas_double": true,
                "trapped_double": true
            }
        },
        "1.19.2": {
            "block": {
                "smooth stone_side": "smooth_stone_slab_side",
                "smooth stone_top": "smooth_stone",
                "grass_side_path": "dirt_path_side",
                "grass_top_path": "dirt_path_top"
            },
            "item": {
                "sign": "oak_sign",
                "dye_red": "red_dye",
                "dye_green": "green_dye",
                "dye_yellow": "yellow_dye"
            },
            "entity_abstract": {
                "zombie_butcher": true,
                "zombie_farmer": true,
                "zombie_librarian": true,
                "zombie_priest": true,
                "zombie_smith": true,
                "zombie_villager": true,
                "butcher": true,
                "farmer": true,
                "librarian": true,
                "priest": true,
                "smith": true,
                "villager": true,
                "pigzombie": true,
                "squid": "squid\\squid",
                "villager_golem": "iron_golem\\iron_golem",
                "largechest": true,
                "sign": "signs\\oak",
                "christmas_double": true,
                "trapped_double": true
            }
        },
        "1.19.3": {
            "block": {
                "smooth stone_side": "smooth_stone_slab_side",
                "smooth stone_top": "smooth_stone",
                "grass_side_path": "dirt_path_side",
                "grass_top_path": "dirt_path_top"
            },
            "item": {
                "sign": "oak_sign",
                "dye_red": "red_dye",
                "dye_green": "green_dye",
                "dye_yellow": "yellow_dye"
            },
            "entity_abstract": {
                "zombie_butcher": true,
                "zombie_farmer": true,
                "zombie_librarian": true,
                "zombie_priest": true,
                "zombie_smith": true,
                "zombie_villager": true,
                "butcher": true,
                "farmer": true,
                "librarian": true,
                "priest": true,
                "smith": true,
                "villager": true,
                "pigzombie": true,
                "squid": "squid\\squid",
                "villager_golem": "iron_golem\\iron_golem",
                "largechest": true,
                "sign": "signs\\oak",
                "christmas_double": true,
                "trapped_double": true,
                "vex": true,
                "vex_charging": true
            }
        },
        "1.19.4": {
            "block": {
                "smooth stone_side": "smooth_stone_slab_side",
                "smooth stone_top": "smooth_stone",
                "grass_side_path": "dirt_path_side",
                "grass_top_path": "dirt_path_top"
            },
            "item": {
                "sign": "oak_sign",
                "dye_red": "red_dye",
                "dye_green": "green_dye",
                "dye_yellow": "yellow_dye"
            },
            "entity_abstract": {
                "zombie_butcher": true,
                "zombie_farmer": true,
                "zombie_librarian": true,
                "zombie_priest": true,
                "zombie_smith": true,
                "zombie_villager": true,
                "butcher": true,
                "farmer": true,
                "librarian": true,
                "priest": true,
                "smith": true,
                "villager": true,
                "pigzombie": true,
                "squid": "squid\\squid",
                "villager_golem": "iron_golem\\iron_golem",
                "largechest": true,
                "sign": "signs\\oak",
                "christmas_double": true,
                "trapped_double": true,
                "vex": true,
                "vex_charging": true
            }
        },
        "1.14.1": {
            "block": {
                "smooth stone_side": "smooth_stone_slab_side",
                "smooth stone_top": "smooth_stone"
            },
            "item": {
                "sign": "oak_sign",
                "dye_red": "red_dye",
                "dye_green": "green_dye",
                "dye_yellow": "yellow_dye"
            },
            "entity_abstract": {
                "zombie_butcher": true,
                "zombie_farmer": true,
                "zombie_librarian": true,
                "zombie_priest": true,
                "zombie_smith": true,
                "zombie_villager": true,
                "butcher": true,
                "farmer": true,
                "librarian": true,
                "priest": true,
                "smith": true,
                "villager": true,
                "sign": "signs\\oak"
            }
        },
        "1.16.2": {
            "block": {
                "smooth stone_side": "smooth_stone_slab_side",
                "smooth stone_top": "smooth_stone"
            },
            "item": {
                "sign": "oak_sign",
                "dye_red": "red_dye",
                "dye_green": "green_dye",
                "dye_yellow": "yellow_dye"
            },
            "entity_abstract": {
                "zombie_butcher": true,
                "zombie_farmer": true,
                "zombie_librarian": true,
                "zombie_priest": true,
                "zombie_smith": true,
                "zombie_villager": true,
                "butcher": true,
                "farmer": true,
                "librarian": true,
                "priest": true,
                "smith": true,
                "villager": true,
                "pigzombie": true,
                "villager_golem": "iron_golem\\iron_golem",
                "largechest": true,
                "sign": "signs\\oak",
                "christmas_double": true,
                "trapped_double": true
            }
        },
        "1.16.3": {
            "block": {
                "smooth stone_side": "smooth_stone_slab_side",
                "smooth stone_top": "smooth_stone"
            },
            "item": {
                "sign": "oak_sign",
                "dye_red": "red_dye",
                "dye_green": "green_dye",
                "dye_yellow": "yellow_dye"
            },
            "entity_abstract": {
                "zombie_butcher": true,
                "zombie_farmer": true,
                "zombie_librarian": true,
                "zombie_priest": true,
                "zombie_smith": true,
                "zombie_villager": true,
                "butcher": true,
                "farmer": true,
                "librarian": true,
                "priest": true,
                "smith": true,
                "villager": true,
                "pigzombie": true,
                "villager_golem": "iron_golem\\iron_golem",
                "largechest": true,
                "sign": "signs\\oak",
                "christmas_double": true,
                "trapped_double": true
            }
        },
        "1.16.4": {
            "block": {
                "smooth stone_side": "smooth_stone_slab_side",
                "smooth stone_top": "smooth_stone"
            },
            "item": {
                "sign": "oak_sign",
                "dye_red": "red_dye",
                "dye_green": "green_dye",
                "dye_yellow": "yellow_dye"
            },
            "entity_abstract": {
                "zombie_butcher": true,
                "zombie_farmer": true,
                "zombie_librarian": true,
                "zombie_priest": true,
                "zombie_smith": true,
                "zombie_villager": true,
                "butcher": true,
                "farmer": true,
                "librarian": true,
                "priest": true,
                "smith": true,
                "villager": true,
                "pigzombie": true,
                "villager_golem": "iron_golem\\iron_golem",
                "largechest": true,
                "sign": "signs\\oak",
                "christmas_double": true,
                "trapped_double": true
            }
        },
        "1.17": {
            "block": {
                "smooth stone_side": "smooth_stone_slab_side",
                "smooth stone_top": "smooth_stone",
                "grass_side_path": "dirt_path_side",
                "grass_top_path": "dirt_path_top"
            },
            "item": {
                "sign": "oak_sign",
                "dye_red": "red_dye",
                "dye_green": "green_dye",
                "dye_yellow": "yellow_dye"
            },
            "entity_abstract": {
                "zombie_butcher": true,
                "zombie_farmer": true,
                "zombie_librarian": true,
                "zombie_priest": true,
                "zombie_smith": true,
                "zombie_villager": true,
                "butcher": true,
                "farmer": true,
                "librarian": true,
                "priest": true,
                "smith": true,
                "villager": true,
                "pigzombie": true,
                "squid": "squid\\squid",
                "villager_golem": "iron_golem\\iron_golem",
                "largechest": true,
                "sign": "signs\\oak",
                "christmas_double": true,
                "trapped_double": true
            }
        },
        "1.18": {
            "block": {
                "smooth stone_side": "smooth_stone_slab_side",
                "smooth stone_top": "smooth_stone",
                "grass_side_path": "dirt_path_side",
                "grass_top_path": "dirt_path_top"
            },
            "item": {
                "sign": "oak_sign",
                "dye_red": "red_dye",
                "dye_green": "green_dye",
                "dye_yellow": "yellow_dye"
            },
            "entity_abstract": {
                "zombie_butcher": true,
                "zombie_farmer": true,
                "zombie_librarian": true,
                "zombie_priest": true,
                "zombie_smith": true,
                "zombie_villager": true,
                "butcher": true,
                "farmer": true,
                "librarian": true,
                "priest": true,
                "smith": true,
                "villager": true,
                "pigzombie": true,
                "squid": "squid\\squid",
                "villager_golem": "iron_golem\\iron_golem",
                "largechest": true,
                "sign": "signs\\oak",
                "christmas_double": true,
                "trapped_double": true
            }
        },
        "1.18.1": {
            "block": {
                "smooth stone_side": "smooth_stone_slab_side",
                "smooth stone_top": "smooth_stone",
                "grass_side_path": "dirt_path_side",
                "grass_top_path": "dirt_path_top"
            },
            "item": {
                "sign": "oak_sign",
                "dye_red": "red_dye",
                "dye_green": "green_dye",
                "dye_yellow": "yellow_dye"
            },
            "entity_abstract": {
                "zombie_butcher": true,
                "zombie_farmer": true,
                "zombie_librarian": true,
                "zombie_priest": true,
                "zombie_smith": true,
                "zombie_villager": true,
                "butcher": true,
                "farmer": true,
                "librarian": true,
                "priest": true,
                "smith": true,
                "villager": true,
                "pigzombie": true,
                "squid": "squid\\squid",
                "villager_golem": "iron_golem\\iron_golem",
                "largechest": true,
                "sign": "signs\\oak",
                "christmas_double": true,
                "trapped_double": true
            }
        },
        "1.19": {
            "block": {
                "smooth stone_side": "smooth_stone_slab_side",
                "smooth stone_top": "smooth_stone",
                "grass_side_path": "dirt_path_side",
                "grass_top_path": "dirt_path_top"
            },
            "item": {
                "sign": "oak_sign",
                "dye_red": "red_dye",
                "dye_green": "green_dye",
                "dye_yellow": "yellow_dye"
            },
            "entity_abstract": {
                "zombie_butcher": true,
                "zombie_farmer": true,
                "zombie_librarian": true,
                "zombie_priest": true,
                "zombie_smith": true,
                "zombie_villager": true,
                "butcher": true,
                "farmer": true,
                "librarian": true,
                "priest": true,
                "smith": true,
                "villager": true,
                "pigzombie": true,
                "squid": "squid\\squid",
                "villager_golem": "iron_golem\\iron_golem",
                "largechest": true,
                "sign": "signs\\oak",
                "christmas_double": true,
                "trapped_double": true
            }
        },
        "1.19.1": {
            "block": {
                "smooth stone_side": "smooth_stone_slab_side",
                "smooth stone_top": "smooth_stone",
                "grass_side_path": "dirt_path_side",
                "grass_top_path": "dirt_path_top"
            },
            "item": {
                "sign": "oak_sign",
                "dye_red": "red_dye",
                "dye_green": "green_dye",
                "dye_yellow": "yellow_dye"
            },
            "entity_abstract": {
                "zombie_butcher": true,
                "zombie_farmer": true,
                "zombie_librarian": true,
                "zombie_priest": true,
                "zombie_smith": true,
                "zombie_villager": true,
                "butcher": true,
                "farmer": true,
                "librarian": true,
                "priest": true,
                "smith": true,
                "villager": true,
                "pigzombie": true,
                "squid": "squid\\squid",
                "villager_golem": "iron_golem\\iron_golem",
                "largechest": true,
                "sign": "signs\\oak",
                "christmas_double": true,
                "trapped_double": true
            }
        },
        "1.20": {
            "block": {
                "smooth stone_side": "smooth_stone_slab_side",
                "smooth stone_top": "smooth_stone",
                "grass_side_path": "dirt_path_side",
                "grass_top_path": "dirt_path_top"
            },
            "item": {
                "sign": "oak_sign",
                "dye_red": "red_dye",
                "dye_green": "green_dye",
                "dye_yellow": "yellow_dye"
            },
            "entity_abstract": {
                "zombie_butcher": true,
                "zombie_farmer": true,
                "zombie_librarian": true,
                "zombie_priest": true,
                "zombie_smith": true,
                "zombie_villager": true,
                "butcher": true,
                "farmer": true,
                "librarian": true,
                "priest": true,
                "smith": true,
                "villager": true,
                "pigzombie": true,
                "squid": "squid\\squid",
                "villager_golem": "iron_golem\\iron_golem",
                "largechest": true,
                "sign": "signs\\oak",
                "christmas_double": true,
                "trapped_double": true,
                "vex": true,
                "vex_charging": true
            }
        },
        "1.20.1": {
            "block": {
                "smooth stone_side": "smooth_stone_slab_side",
                "smooth stone_top": "smooth_stone",
                "grass_side_path": "dirt_path_side",
                "grass_top_path": "dirt_path_top"
            },
            "item": {
                "sign": "oak_sign",
                "dye_red": "red_dye",
                "dye_green": "green_dye",
                "dye_yellow": "yellow_dye"
            },
            "entity_abstract": {
                "zombie_butcher": true,
                "zombie_farmer": true,
                "zombie_librarian": true,
                "zombie_priest": true,
                "zombie_smith": true,
                "zombie_villager": true,
                "butcher": true,
                "farmer": true,
                "librarian": true,
                "priest": true,
                "smith": true,
                "villager": true,
                "pigzombie": true,
                "squid": "squid\\squid",
                "villager_golem": "iron_golem\\iron_golem",
                "largechest": true,
                "sign": "signs\\oak",
                "christmas_double": true,
                "trapped_double": true,
                "vex": true,
                "vex_charging": true
            }
        },
        "1.20.2": {
            "block": {
                "smooth stone_side": "smooth_stone_slab_side",
                "smooth stone_top": "smooth_stone",
                "grass_side_path": "dirt_path_side",
                "grass_top_path": "dirt_path_top"
            },
            "item": {
                "sign": "oak_sign",
                "dye_red": "red_dye",
                "dye_green": "green_dye",
                "dye_yellow": "yellow_dye"
            },
            "entity_abstract": {
                "zombie_butcher": true,
                "zombie_farmer": true,
                "zombie_librarian": true,
                "zombie_priest": true,
                "zombie_smith": true,
                "zombie_villager": true,
                "butcher": true,
                "farmer": true,
                "librarian": true,
                "priest": true,
                "smith": true,
                "villager": true,
                "pigzombie": true,
                "squid": "squid\\squid",
                "villager_golem": "iron_golem\\iron_golem",
                "largechest": true,
                "sign": "signs\\oak",
                "christmas_double": true,
                "trapped_double": true,
                "vex": true,
                "vex_charging": true
            }
        },
        "1.14.4": {
            "block": {
                "smooth stone_side": "smooth_stone_slab_side",
                "smooth stone_top": "smooth_stone"
            },
            "item": {
                "sign": "oak_sign",
                "dye_red": "red_dye",
                "dye_green": "green_dye",
                "dye_yellow": "yellow_dye"
            },
            "entity_abstract": {
                "zombie_butcher": true,
                "zombie_farmer": true,
                "zombie_librarian": true,
                "zombie_priest": true,
                "zombie_smith": true,
                "zombie_villager": true,
                "butcher": true,
                "farmer": true,
                "librarian": true,
                "priest": true,
                "smith": true,
                "villager": true,
                "sign": "signs\\oak"
            }
        },
        "1.15.2": {
            "block": {
                "smooth stone_side": "smooth_stone_slab_side",
                "smooth stone_top": "smooth_stone"
            },
            "item": {
                "sign": "oak_sign",
                "dye_red": "red_dye",
                "dye_green": "green_dye",
                "dye_yellow": "yellow_dye"
            },
            "entity_abstract": {
                "zombie_butcher": true,
                "zombie_farmer": true,
                "zombie_librarian": true,
                "zombie_priest": true,
                "zombie_smith": true,
                "zombie_villager": true,
                "butcher": true,
                "farmer": true,
                "librarian": true,
                "priest": true,
                "smith": true,
                "villager": true,
                "villager_golem": "iron_golem\\iron_golem",
                "largechest": true,
                "sign": "signs\\oak",
                "christmas_double": true,
                "trapped_double": true
            }
        }
    }
}