{
    "blocks": {
        "grass_top": "grass_top",
        "stone": "stone",
        "dirt": "dirt",
        "grass_side_dirt": "grass_side_carried",
        "oak wood planks": "planks_oak",
        "smooth stone_side": "stone_slab_side",
        "smooth stone_top": "stone_slab_top",
        "bricks": "brick",
        "tnt_side": "tnt_side",
        "tnt_top": "tnt_top",
        "tnt_bottom": "tnt_bottom",
        "cobweb": "web",
        "poppy": "flower_rose",
        "dandelion": "flower_dandelion",
        "oak sappling": "sapling_oak",
        "cobblestone": "cobblestone",
        "bedrock": "bedrock",
        "sand": "sand",
        "gravel": "gravel",
        "oak log_side": "log_oak",
        "oak log_top": "log_oak_top",
        "iron block": "iron_block",
        "gold block": "gold_block",
        "diamond block": "diamond_block",
        "emerald block": "emerald_block",
        "redstone block": "redstone_block",
        "dropper_front": "dropper_front_horizontal",
        "red mushroom": "mushroom_red",
        "brown mushroom": "mushroom_brown",
        "jungle sappling": "sapling_jungle",
        "gold ore": "gold_ore",
        "iron ore": "iron_ore",
        "coal ore": "coal_ore",
        "bookshelf": "bookshelf",
        "mossy cobblestone": "cobblestone_mossy",
        "obsidian": "obsidian",
        "grass_side": "grass_side",
        "grass": "tallgrass",
        "dispenser_top": "dispenser_front_vertical",
        "beacon": "beacon",
        "dropper_top": "dropper_front_vertical",
        "crafting table_top": "crafting_table_top",
        "furnace_front": "furnace_front_off",
        "furnace_side": "furnace_side",
        "dispenser_front": "dispenser_front_horizontal",
        "sponge": "sponge",
        "glass": "glass",
        "diamond ore": "diamond_ore",
        "redstone ore": "redstone_ore",
        "oak leaves_clear": "leaves_oak",
        "oak leaves_dark": "leaves_oak_opaque",
        "stone bricks": "stonebrick",
        "dead bush": "deadbush",
        "fern": "fern",
        "daylight sensor_top": "daylight_detector_top",
        "daylight sensor_bottom&side": "daylight_detector_side",
        "crafting table_sideShears": "crafting_table_side",
        "crafting table_sideSaw&Axe": "crafting_table_front",
        "furnace_front_on": "furnace_front_on",
        "furnace_top": "furnace_top",
        "spruce sappling": "sapling_spruce",
        "wool": "wool_colored_white",
        "monster spawner": "mob_spawner",
        "snow block": "snow",
        "ice": "ice",
        "grass_side_snowy": "grass_side_snowed",
        "cactus_top": "cactus_top",
        "cactus_side": "cactus_side",
        "cactus_bottom": "cactus_bottom",
        "clay block": "clay",
        "sugar cane": "reeds",
        "jukebox_side": "jukebox_side",
        "jukebox_top": "jukebox_top",
        "lilypad": "waterlily",
        "grass_side_mycelium": "mycelium_side",
        "grass_top_mycelium": "mycelium_top",
        "birch sappling": "sapling_birch",
        "torch": "torch_on",
        "oak door_upper": "door_wood_upper",
        "iron door_upper": "door_iron_upper",
        "ladder": "ladder",
        "oak trapdoor": "trapdoor",
        "iron bars": "iron_bars",
        "farmland_wet": "farmland_wet",
        "farmland_dry": "farmland_dry",
        "wheat_0": "wheat_stage_0",
        "wheat_1": "wheat_stage_1",
        "wheat_2": "wheat_stage_2",
        "wheat_3": "wheat_stage_3",
        "wheat_4": "wheat_stage_4",
        "wheat_5": "wheat_stage_5",
        "wheat_6": "wheat_stage_6",
        "wheat_7": "wheat_stage_7",
        "lever": "lever",
        "oak door_lower": "door_wood_lower",
        "iron door_lower": "door_iron_lower",
        "redstone torch_on": "redstone_torch_on",
        "stone bricks_mossy": "stonebrick_mossy",
        "stone bricks_cracked": "stonebrick_cracked",
        "pumpkin_top": "pumpkin_top",
        "netherrack": "netherrack",
        "soul sand": "soul_sand",
        "glowstone": "glowstone",
        "piston_front_sticky": "piston_top_sticky",
        "piston_front": "piston_top_normal",
        "piston_side": "piston_side",
        "piston_bottom": "furnace_top",
        "piston_hole": "piston_inner",
        "melon&pumpkin stem_straight": "melon_stem_disconnected",
        "rail_curve": "rail_normal_turned",
        "black wool": "wool_colored_black",
        "gray wool": "wool_colored_silver",
        "redstone torch_off": "redstone_torch_off",
        "spruce log_side": "log_spruce",
        "birch log_side": "log_birch",
        "pumpkin_side": "pumpkin_side",
        "pumpkin_front": "pumpkin_face_off",
        "pumpkin_front_lit": "pumpkin_face_on",
        "cake_top": "cake_top",
        "cake_side": "cake_side",
        "cake_side_middle": "cake_inner",
        "cake_bottom": "cake_bottom",
        "red mushroom block": "mushroom_block_skin_red",
        "brown mushroom block": "mushroom_block_skin_brown",
        "melon&pumpkin stem_curve": "melon_stem_connected",
        "rail_straight": "rail_normal",
        "red wool": "wool_colored_red",
        "pink wool": "wool_colored_pink",
        "repeater_off": "repeater_off",
        "spruce leaves_clear": "leaves_spruce",
        "spruce leaves_dark": "leaves_spruce_opaque",
        "conduit": true,
        "turtle eggs_normal": "turtle_egg_not_cracked",
        "melon_side": "melon_side",
        "melon_top": "melon_top",
        "cauldron_rim": "hopper_top",
        "cauldron_bottom": "cauldron_inner",
        "wet_sponge": "sponge_wet",
        "stem mushroom block": "mushroom_block_skin_stem",
        "inside mushroom block": "mushroom_block_inside",
        "vines": "vine",
        "lapis block": "lapis_block",
        "green wool": "wool_colored_green",
        "lime wool": "wool_colored_lime",
        "repeater_on": "repeater_on",
        "glass pane_side": "glass_pane_top",
        "redstone_quad": "chest_top",
        "redstone_line": "ender_chest_top",
        "turtle eggs_slightly_cracked": "turtle_egg_slightly_cracked",
        "turtle eggs_cracked": "turtle_egg_very_cracked",
        "jungle log_side": "log_jungle",
        "cauldron_side": "cauldron_side",
        "cauldron_feet": "cauldron_bottom",
        "brewing stand_bottom": "brewing_stand_base",
        "brewing stand_side": "brewing_stand",
        "portal frame_top": "endframe_top",
        "portal frame_side": "endframe_side",
        "lapis ore": "lapis_ore",
        "brown wool": "wool_colored_brown",
        "yellow wool": "wool_colored_yellow",
        "rail powered_off": "rail_golden",
        "enchantment table_top": "enchanting_table_top",
        "dragon egg": "dragon_egg",
        "cocoa beans_2": "cocoa_stage_2",
        "cocoa beans_1": "cocoa_stage_1",
        "cocoa beans_0": "cocoa_stage_0",
        "emerald ore": "emerald_ore",
        "tripwire hook": "trip_wire_source",
        "string": false,
        "portal frame_eye": "endframe_eye",
        "end stone": "end_stone",
        "sandstone_bottom_smooth": "sandstone_top",
        "blue wool": "wool_colored_blue",
        "light blue wool": "wool_colored_light_blue",
        "rail powered_on": "rail_golden_powered",
        "enchantment table_side": "enchanting_table_side",
        "enchantment table_bottom": "enchanting_table_bottom",
        "blue glide ring": false,
        "jukebox_bottom": "itemframe_background",
        "pot": "flower_pot",
        "comparator_off": "comparator_off",
        "comparator_on": "comparator_on",
        "rail activator_off": "rail_activator",
        "rail activator_on": "rail_activator_powered",
        "nether quartz ore": "quartz_ore",
        "sandstone_side": "sandstone_normal",
        "purple wool": "wool_colored_purple",
        "magenta wool": "wool_colored_magenta",
        "rail detector_off": "rail_detector",
        "jungle leaves_clear": "leaves_jungle",
        "jungle leaves_dark": "leaves_jungle_opaque",
        "spruce planks": "planks_spruce",
        "jungle planks": "planks_jungle",
        "carrots_0": "beetroots_stage_0",
        "carrots_1": "beetroots_stage_1",
        "carrots_2": "beetroots_stage_2",
        "carrots_3": "carrots_stage_3",
        "slime block": "slime",
        "sandstone_bottom": "sandstone_bottom",
        "cyan wool": "wool_colored_cyan",
        "orange wool": "wool_colored_orange",
        "redstone lamp_off": "redstone_lamp_off",
        "redstone lamp_on": "redstone_lamp_on",
        "stone bricks_chiseled": "stonebrick_carved",
        "birch planks": "planks_birch",
        "anvil": "anvil_base",
        "anvil_top": "anvil_top_damaged_1",
        "quartz_top_chiseled": "quartz_block_chiseled_top",
        "quartz_top_pillar": "quartz_block_lines_top",
        "quartz_top": "quartz_block_side",
        "hopper": "hopper_outside",
        "rail detector_on": "rail_detector_powered",
        "nether bricks": "nether_brick",
        "nether wart_0": "nether_wart_stage_0",
        "nether wart_1": "nether_wart_stage_1",
        "nether wart_2": "nether_wart_stage_2",
        "sandstone_side_chiseled": "sandstone_carved",
        "sandstone_side_smooth": "sandstone_smooth",
        "anvil_top_slightly_cracked": "anvil_top_damaged_0",
        "anvil_top_cracked": "anvil_top_damaged_2",
        "quartz_side_chiseled": "quartz_block_chiseled",
        "quartz_side_pillar": "quartz_block_lines",
        "quartz_side": "quartz_block_side",
        "hopper_bottom": "cauldron_inner",
        "break_0": true,
        "break_1": true,
        "break_2": true,
        "break_3": true,
        "break_4": true,
        "break_5": true,
        "break_6": true,
        "break_7": true,
        "break_8": true,
        "break_9": true,
        "hay_side": "hay_block_side",
        "quartz_bottom": "quartz_block_bottom",
        "hopper_rim": "hopper_top",
        "hay_top": "hay_block_top",
        "coal block": "coal_block",
        "terracotta": "hardened_clay",
        "note block": "jukebox_side",
        "andesite": "stone_andesite",
        "andesite_polished": "stone_andesite_smooth",
        "diorite": "stone_diorite",
        "diorite_polished": "stone_diorite_smooth",
        "granite": "stone_granite",
        "granite_polished": "stone_granite_smooth",
        "potatoes_0": "beetroots_stage_0",
        "potatoes_1": "beetroots_stage_1",
        "potatoes_2": "beetroots_stage_2",
        "potatoes_3": "potatoes_stage_3",
        "spruce log_top": "log_spruce_top",
        "jungle log_top": "log_jungle_top",
        "birch log_top": "log_birch_top",
        "black terracotta": "hardened_clay_stained_black",
        "blue terracotta": "hardened_clay_stained_blue",
        "brown terracotta": "hardened_clay_stained_brown",
        "cyan terracotta": "hardened_clay_stained_cyan",
        "gray terracotta": "hardened_clay_stained_gray",
        "green terracotta": "hardened_clay_stained_green",
        "light blue terracotta": "hardened_clay_stained_light_blue",
        "lime terracotta": "hardened_clay_stained_lime",
        "magenta terracotta": "hardened_clay_stained_magenta",
        "orange terracotta": "hardened_clay_stained_orange",
        "pink terracotta": "hardened_clay_stained_pink",
        "purple terracotta": "hardened_clay_stained_purple",
        "red terracotta": "hardened_clay_stained_red",
        "light gray terracotta": "hardened_clay_stained_silver",
        "white terracotta": "hardened_clay_stained_white",
        "yellow terracotta": "hardened_clay_stained_yellow",
        "black glass": "glass_black",
        "blue glass": "glass_blue",
        "brown glass": "glass_brown",
        "cyan glass": "glass_cyan",
        "gray glass": "glass_gray",
        "green glass": "glass_green",
        "light blue glass": "glass_light_blue",
        "lime glass": "glass_lime",
        "magenta glass": "glass_magenta",
        "orange glass": "glass_orange",
        "pink glass": "glass_pink",
        "purple glass": "glass_purple",
        "red glass": "glass_red",
        "light gray glass": "glass_silver",
        "white glass": "glass_white",
        "yellow glass": "glass_yellow",
        "black glass pane_side": "glass_pane_top_black",
        "blue glass pane_side": "glass_pane_top_blue",
        "brown glass pane_side": "glass_pane_top_brown",
        "cyan glass pane_side": "glass_pane_top_cyan",
        "gray glass pane_side": "glass_pane_top_gray",
        "green glass pane_side": "glass_pane_top_green",
        "light blue glass pane_side": "glass_pane_top_light_blue",
        "lime glass pane_side": "glass_pane_top_lime",
        "magenta glass pane_side": "glass_pane_top_magenta",
        "orange glass pane_side": "glass_pane_top_orange",
        "pink glass pane_side": "glass_pane_top_pink",
        "purple glass pane_side": "glass_pane_top_purple",
        "red glass pane_side": "glass_pane_top_red",
        "light gray glass pane_side": "glass_pane_top_silver",
        "white glass pane_side": "glass_pane_top_white",
        "yellow glass pane_side": "glass_pane_top_yellow",
        "fern_tall_top": "double_plant_fern_top",
        "grass_tall_top": "double_plant_grass_top",
        "peony_top": "double_plant_paeonia_top",
        "rose bush_top": "double_plant_rose_top",
        "lilac_top": "double_plant_syringa_top",
        "orange tulip": "flower_tulip_orange",
        "sunflower_stem_top": "double_plant_sunflower_top",
        "sunflower_flower_open": "double_plant_sunflower_front",
        "acacia log_side": "log_acacia",
        "acacia log_top": "log_acacia_top",
        "acacia planks": "planks_acacia",
        "acacia leaves_clear": "leaves_acacia",
        "acacia leaves_dark": "leaves_acacia_opaque",
        "prismarine bricks": "prismarine_bricks",
        "red sand": "red_sand",
        "red sandstone_bottom_smooth": "red_sandstone_top",
        "fern_tall_bottom": "double_plant_fern_bottom",
        "grass_tall_bottom": "double_plant_grass_bottom",
        "peony_bottom": "double_plant_paeonia_bottom",
        "rose bush_bottom": "double_plant_rose_bottom",
        "lilac_bottom": "double_plant_syringa_bottom",
        "pink tulip": "flower_tulip_pink",
        "sunflower_stem_bottom": "double_plant_sunflower_bottom",
        "sunflower_flower_closed": "double_plant_sunflower_back",
        "dark oak log_side": "log_big_oak",
        "dark oak log_top": "log_big_oak_top",
        "dark oak planks": "planks_big_oak",
        "dark oak_leaves_clear": "leaves_big_oak",
        "dark oak_leaves_dark": "leaves_big_oak_opaque",
        "dark prismarine": "prismarine_dark",
        "red sandstone_bottom": "red_sandstone_bottom",
        "red sandstone_side": "red_sandstone_normal",
        "allium": "flower_allium",
        "blue orchid": "flower_blue_orchid",
        "azure bulet": "flower_houstonia",
        "oxeye daisy": "flower_oxeye_daisy",
        "red tulip": "flower_tulip_red",
        "white tulip": "flower_tulip_white",
        "acacia sappling": "sapling_acacia",
        "dark oak sappling": "sapling_roofed_oak",
        "coarse dirt": "coarse_dirt",
        "dirt_side_podzol": "dirt_podzol_side",
        "grass_podzol_top": "dirt_podzol_top",
        "birch leaves_clear": "leaves_birch",
        "birch leaves_dark": "leaves_birch_opaque",
        "red sandstone_chiseled": "red_sandstone_carved",
        "red sandstone_smooth": "red_sandstone_smooth",
        "acacia door_top": "door_acacia_upper",
        "birch door_top": "door_birch_upper",
        "dark oak door_top": "door_dark_oak_upper",
        "jungle door_top": "door_jungle_upper",
        "spruce door_top": "door_spruce_upper",
        "chorus fruit_ripe": "chorus_flower",
        "chorus fruit": "chorus_flower_dead",
        "chorus stem": "chorus_plant",
        "end stone bricks": "end_bricks",
        "grass_side_path": "grass_path_side",
        "grass_top_path": "grass_path_top",
        "barrier": "barrier",
        "hardened ice": "ice_packed",
        "daylight sensor_top_night": "daylight_detector_inverted_top",
        "iron trapdoor": "iron_trapdoor",
        "acaica door_bottom": "door_acacia_lower",
        "birch door_bottom": "door_birch_lower",
        "dark oak door_bottom": "door_dark_oak_lower",
        "jungle door_bottom": "door_jungle_lower",
        "spruce door_bottom": "door_spruce_lower",
        "purpur": "purpur_block",
        "purpur pillar_side": "purpur_pillar",
        "purpur pillar_top": "purpur_pillar_top",
        "end rod": "end_rod",
        "nether wart block": "nether_wart_block",
        "red nether bricks": "red_nether_brick",
        "decaying ice_0": "frosted_ice_0",
        "decaying ice_1": "frosted_ice_1",
        "decaying ice_2": "frosted_ice_2",
        "decaying ice_3": "frosted_ice_3",
        "beetroots_0": "beetroots_stage_0",
        "beetroots_1": "beetroots_stage_1",
        "beetroots_2": "beetroots_stage_2",
        "beetroots_3": "beetroots_stage_3",
        "chain command block_square": "chain_command_block_back_mipmap",
        "chain command block_arrow": "chain_command_block_conditional_mipmap",
        "chain command block_circle": "chain_command_block_front_mipmap",
        "chain command block_point": "chain_command_block_side_mipmap",
        "command block_square": "command_block_back_mipmap",
        "command block_arrow": "command_block_conditional_mipmap",
        "command block_circle": "command_block_front_mipmap",
        "command block_point": "command_block_side_mipmap",
        "repeating command block_square": "repeating_command_block_back_mipmap",
        "repeating command block_arrow": "repeating_command_block_conditional_mipmap",
        "repeating command block_circle": "repeating_command_block_front_mipmap",
        "repeating command block_point": "repeating_command_block_side_mipmap",
        "bone block_side": "bone_block_side",
        "bone block_top": "bone_block_top",
        "observer_back": "observer_front",
        "observer_side": "observer_side",
        "observer_front_off": "observer_back",
        "observer_front_on": "observer_back_lit",
        "observer_top": "observer_top",
        "yellow glide ring": false,
        "green glide ring": false,
        "structure block_complex": "structure_block",
        "structure block_square": "structure_block_corner",
        "structure block_plus": "structure_block_data",
        "structure block_diamond_unfilled": "structure_block_load",
        "structure block_diamond_filled": "structure_block_save",
        "black concrete": "concrete_black",
        "blue concrete": "concrete_blue",
        "brown concrete": "concrete_brown",
        "cyan concrete": "concrete_cyan",
        "gray concrete": "concrete_gray",
        "green concrete": "concrete_green",
        "light blue concrete": "concrete_light_blue",
        "lime concrete": "concrete_lime",
        "magenta concrete": "concrete_magenta",
        "orange concrete": "concrete_orange",
        "pink concrete": "concrete_pink",
        "purple concrete": "concrete_purple",
        "red concrete": "concrete_red",
        "light gray concrete": "concrete_silver",
        "white concrete": "concrete_white",
        "yellow concrete": "concrete_yellow",
        "black concrete powder": "concrete_powder_black",
        "blue concrete powder": "concrete_powder_blue",
        "brown concrete powder": "concrete_powder_brown",
        "cyan concrete powder": "concrete_powder_cyan",
        "gray concrete powder": "concrete_powder_gray",
        "green concrete powder": "concrete_powder_green",
        "light blue concrete powder": "concrete_powder_light_blue",
        "lime concrete powder": "concrete_powder_lime",
        "magenta concrete powder": "concrete_powder_magenta",
        "orange concrete powder": "concrete_powder_orange",
        "pink concrete powder": "concrete_powder_pink",
        "purple concrete powder": "concrete_powder_purple",
        "red concrete powder": "concrete_powder_red",
        "light gray concrete powder": "concrete_powder_silver",
        "white concrete powder": "concrete_powder_white",
        "yellow concrete powder": "concrete_powder_yellow",
        "black glazed terracotta": "glazed_terracotta_black",
        "blue glazed terracotta": "glazed_terracotta_blue",
        "brown glazed terracotta": "glazed_terracotta_brown",
        "cyan glazed terracotta": "glazed_terracotta_cyan",
        "gray glazed terracotta": "glazed_terracotta_gray",
        "green glazed terracotta": "glazed_terracotta_green",
        "light blue glazed terracotta": "glazed_terracotta_light_blue",
        "lime glazed terracotta": "glazed_terracotta_lime",
        "magenta glazed terracotta": "glazed_terracotta_magenta",
        "orange glazed terracotta": "glazed_terracotta_orange",
        "pink glazed terracotta": "glazed_terracotta_pink",
        "purple glazed terracotta": "glazed_terracotta_purple",
        "red glazed terracotta": "glazed_terracotta_red",
        "light gray glazed terracotta": "glazed_terracotta_silver",
        "white glazed terracotta": "glazed_terracotta_white",
        "yellow glazed terracotta": "glazed_terracotta_yellow",
        "tube coral block": "coral_blue",
        "bubble coral block": "coral_purple",
        "brain coral block": "coral_pink",
        "fire coral block": "coral_red",
        "horn coral block": "coral_yellow",
        "tube coral": "coral_plant_blue",
        "bubble coral": "coral_plant_purple",
        "brain coral": "coral_plant_pink",
        "fire coral": "coral_plant_red",
        "horn coral": "coral_plant_yellow",
        "sea pickle": "sea_pickle",
        "blue ice": "blue_ice",
        "dried kelp block_top": "dried_kelp_top",
        "dreid kelp block_side": "dried_kelp_side_a",
        "tube coral block_dead": "coral_blue_dead",
        "bubble coral block_dead": "coral_purple_dead",
        "brain coral block_dead": "coral_pink_dead",
        "fire coral block_dead": "coral_red_dead",
        "horn coral block_dead": "coral_yellow_dead",
        "tube coral_fan": "coral_fan_blue",
        "bubble coral_fan": "coral_fan_purple",
        "brain coral_fan": "coral_fan_pink",
        "fire coral_fan": "coral_fan_red",
        "horn coral_fan": "coral_fan_yellow",
        "seagrass": "seagrass_carried",
        "tube coral_fan_dead": "coral_fan_blue_dead",
        "bubble coral_fan_dead": "coral_fan_purple_dead",
        "brain coral_fan_dead": "coral_fan_pink_dead",
        "fire coral_fan_dead": "coral_fan_red_dead",
        "horn coral_fan_dead": "coral_fan_yellow_dead",
        "spruce trapdoor": "spruce_trapdoor",
        "oak log_side_stripped": "stripped_oak_log",
        "oak log_top_stripped": "stripped_oak_log_top",
        "acacia log_side_stripped": "stripped_acacia_log",
        "acacia log_top_stripped": "stripped_acacia_log_top",
        "birch log_side_stripped": "stripped_birch_log",
        "birch log_top_stripped": "stripped_birch_log_top",
        "dark oak log_side_stripped": "stripped_dark_oak_log",
        "dark oak log_top_stripped": "stripped_dark_oak_log_top",
        "jungle log_side_stripped": "stripped_jungle_log",
        "jungle log_top_stripped": "stripped_jungle_log_top",
        "spruce log_side_stripped": "stripped_spruce_log",
        "spruce log_top_stripped": "stripped_spruce_log_top",
        "acacia trapdoor": "acacia_trapdoor",
        "birch trapdoor": "birch_trapdoor",
        "dark oak trapdoor": "dark_oak_trapdoor",
        "jungle trapdoor": "jungle_trapdoor"
    },
    "blocks_abstract": {
        "sea lantern": "sea_lantern",
        "magma block": "magma",
        "prismarine": "prismarine_rough",
        "water": "water_still_grey",
        "waterMip2": true,
        "waterMip3": true,
        "waterMip4": true,
        "waterMip5": true,
        "water_flow": "water_flow_grey",
        "water_flowMip2": true,
        "water_flowMip3": true,
        "water_flowMip4": true,
        "water_flowMip5": true,
        "cauldron_water": "cauldron_water",
        "seagrass_short": "seagrass",
        "seagrass_tall_top": "seagrass_doubletall_top_a",
        "seagrass_tall_bottom": "seagrass_doubletall_bottom_a",
        "kelp": "kelp_a",
        "kelp_top": "kelp_top",
        "fire_0": "fire_0",
        "fire_1": "fire_1",
        "lava": "lava_still",
        "lava_flow": "lava_flow",
        "nether portal": "portal"
    }
}