{
    "block": {
        "grass_top": "grass_block_top",
        "stone": "stone",
        "dirt": "dirt",
        "grass_side_dirt": "grass_block_side",
        "oak wood planks": "oak_planks",
        "smooth stone_side": "stone_slab_side",
        "smooth stone_top": "stone_slab_top",
        "bricks": "bricks",
        "tnt_side": "tnt_side",
        "tnt_top": "tnt_top",
        "tnt_bottom": "tnt_bottom",
        "cobweb": "cobweb",
        "poppy": "poppy",
        "dandelion": "dandelion",
        "oak sappling": "oak_sapling",
        "cobblestone": "cobblestone",
        "bedrock": "bedrock",
        "sand": "sand",
        "gravel": "gravel",
        "oak log_side": "oak_log",
        "oak log_top": "oak_log_top",
        "iron block": "iron_block",
        "gold block": "gold_block",
        "diamond block": "diamond_block",
        "emerald block": "emerald_block",
        "redstone block": "redstone_block",
        "dropper_front": "dropper_front",
        "red mushroom": "red_mushroom",
        "brown mushroom": "brown_mushroom",
        "jungle sappling": "jungle_sapling",
        "gold ore": "gold_ore",
        "iron ore": "iron_ore",
        "coal ore": "coal_ore",
        "bookshelf": "bookshelf",
        "mossy cobblestone": "mossy_cobblestone",
        "obsidian": "obsidian",
        "grass_side": "grass_block_side_overlay",
        "grass": "grass",
        "dispenser_top": "dispenser_front_vertical",
        "beacon": "beacon",
        "dropper_top": "dropper_front_vertical",
        "crafting table_top": "crafting_table_top",
        "furnace_front": "furnace_front",
        "furnace_side": "furnace_side",
        "dispenser_front": "dispenser_front",
        "sponge": "sponge",
        "glass": "glass",
        "diamond ore": "diamond_ore",
        "redstone ore": "redstone_ore",
        "oak leaves_clear": "oak_leaves",
        "oak leaves_dark": true,
        "stone bricks": "stone_bricks",
        "dead bush": "dead_bush",
        "fern": "fern",
        "daylight sensor_top": "daylight_detector_top",
        "daylight sensor_bottom&side": "daylight_detector_side",
        "crafting table_sideShears": "crafting_table_side",
        "crafting table_sideSaw&Axe": "crafting_table_front",
        "furnace_front_on": "furnace_front_on",
        "furnace_top": "piston_bottom",
        "spruce sappling": "spruce_sapling",
        "wool": "white_wool",
        "monster spawner": "spawner",
        "snow block": "snow",
        "ice": "ice",
        "grass_side_snowy": "grass_block_snow",
        "cactus_top": "cactus_top",
        "cactus_side": "cactus_side",
        "cactus_bottom": "cactus_bottom",
        "clay block": "clay",
        "sugar cane": "sugar_cane",
        "jukebox_side": "note_block",
        "jukebox_top": "jukebox_top",
        "lilypad": "lily_pad",
        "grass_side_mycelium": "mycelium_side",
        "grass_top_mycelium": "mycelium_top",
        "birch sappling": "birch_sapling",
        "torch": "torch",
        "oak door_upper": "oak_door_top",
        "iron door_upper": "iron_door_top",
        "ladder": "ladder",
        "oak trapdoor": "oak_trapdoor",
        "iron bars": "iron_bars",
        "farmland_wet": "farmland_moist",
        "farmland_dry": "farmland",
        "wheat_0": "wheat_stage0",
        "wheat_1": "wheat_stage1",
        "wheat_2": "wheat_stage2",
        "wheat_3": "wheat_stage3",
        "wheat_4": "wheat_stage4",
        "wheat_5": "wheat_stage5",
        "wheat_6": "wheat_stage6",
        "wheat_7": "wheat_stage7",
        "lever": "lever",
        "oak door_lower": "oak_door_bottom",
        "iron door_lower": "iron_door_bottom",
        "redstone torch_on": "redstone_torch",
        "stone bricks_mossy": "mossy_stone_bricks",
        "stone bricks_cracked": "cracked_stone_bricks",
        "pumpkin_top": "pumpkin_top",
        "netherrack": "netherrack",
        "soul sand": "soul_sand",
        "glowstone": "glowstone",
        "piston_front_sticky": "piston_top_sticky",
        "piston_front": "piston_top",
        "piston_side": "piston_side",
        "piston_bottom": "piston_bottom",
        "piston_hole": "piston_inner",
        "melon&pumpkin stem_straight": "pumpkin_stem",
        "rail_curve": "rail_corner",
        "black wool": "black_wool",
        "gray wool": "gray_wool",
        "redstone torch_off": "redstone_torch_off",
        "spruce log_side": "spruce_log",
        "birch log_side": "birch_log",
        "pumpkin_side": "pumpkin_side",
        "pumpkin_front": "carved_pumpkin",
        "pumpkin_front_lit": "jack_o_lantern",
        "cake_top": "cake_top",
        "cake_side": "cake_side",
        "cake_side_middle": "cake_inner",
        "cake_bottom": "cake_bottom",
        "red mushroom block": "red_mushroom_block",
        "brown mushroom block": "brown_mushroom_block",
        "melon&pumpkin stem_curve": "attached_pumpkin_stem",
        "rail_straight": "rail",
        "red wool": "red_wool",
        "pink wool": "pink_wool",
        "repeater_off": "repeater",
        "spruce leaves_clear": "spruce_leaves",
        "spruce leaves_dark": true,
        "conduit": true,
        "turtle eggs_normal": "turtle_egg",
        "melon_side": "melon_side",
        "melon_top": "melon_top",
        "cauldron_rim": true,
        "cauldron_bottom": "cauldron_inner",
        "wet_sponge": "wet_sponge",
        "stem mushroom block": "mushroom_stem",
        "inside mushroom block": "mushroom_block_inside",
        "vines": "vine",
        "lapis block": "lapis_block",
        "green wool": "green_wool",
        "lime wool": "lime_wool",
        "repeater_on": "repeater_on",
        "glass pane_side": "glass_pane_top",
        "redstone_quad": true,
        "redstone_line": true,
        "turtle eggs_slightly_cracked": "turtle_egg_slightly_cracked",
        "turtle eggs_cracked": "turtle_egg_very_cracked",
        "jungle log_side": "jungle_log",
        "cauldron_side": "cauldron_side",
        "cauldron_feet": true,
        "brewing stand_bottom": "brewing_stand_base",
        "brewing stand_side": "brewing_stand",
        "portal frame_top": "end_portal_frame_top",
        "portal frame_side": "end_portal_frame_side",
        "lapis ore": "lapis_ore",
        "brown wool": "brown_wool",
        "yellow wool": "yellow_wool",
        "rail powered_off": "powered_rail",
        "enchantment table_top": "enchanting_table_top",
        "dragon egg": "dragon_egg",
        "cocoa beans_2": "cocoa_stage2",
        "cocoa beans_1": "cocoa_stage1",
        "cocoa beans_0": "cocoa_stage0",
        "emerald ore": "emerald_ore",
        "tripwire hook": "tripwire_hook",
        "string": false,
        "portal frame_eye": "end_portal_frame_eye",
        "end stone": "end_stone",
        "sandstone_bottom_smooth": "sandstone_top",
        "blue wool": "blue_wool",
        "light blue wool": "light_blue_wool",
        "rail powered_on": "powered_rail_on",
        "enchantment table_side": "enchanting_table_side",
        "enchantment table_bottom": "enchanting_table_bottom",
        "blue glide ring": false,
        "jukebox_bottom": "item_frame",
        "pot": "flower_pot",
        "comparator_off": "comparator",
        "comparator_on": "comparator_on",
        "rail activator_off": "activator_rail",
        "rail activator_on": "activator_rail_on",
        "nether quartz ore": "nether_quartz_ore",
        "sandstone_side": "sandstone",
        "purple wool": "purple_wool",
        "magenta wool": "magenta_wool",
        "rail detector_off": "detector_rail",
        "jungle leaves_clear": "jungle_leaves",
        "jungle leaves_dark": true,
        "spruce planks": "spruce_planks",
        "jungle planks": "jungle_planks",
        "carrots_0": "carrots_stage0",
        "carrots_1": "carrots_stage1",
        "carrots_2": "carrots_stage2",
        "carrots_3": "carrots_stage3",
        "slime block": "slime_block",
        "sandstone_bottom": "sandstone_bottom",
        "cyan wool": "cyan_wool",
        "orange wool": "orange_wool",
        "redstone lamp_off": "redstone_lamp",
        "redstone lamp_on": "redstone_lamp_on",
        "stone bricks_chiseled": "chiseled_stone_bricks",
        "birch planks": "birch_planks",
        "anvil": "anvil",
        "anvil_top": "chipped_anvil_top",
        "quartz_top_chiseled": "chiseled_quartz_block_top",
        "quartz_top_pillar": "quartz_pillar_top",
        "quartz_top": "quartz_block_top",
        "hopper": "hopper_outside",
        "rail detector_on": "detector_rail_on",
        "nether bricks": "nether_bricks",
        "light gray wool": "light_gray_wool",
        "nether wart_0": "nether_wart_stage0",
        "nether wart_1": "nether_wart_stage1",
        "nether wart_2": "nether_wart_stage2",
        "sandstone_side_chiseled": "chiseled_sandstone",
        "sandstone_side_smooth": "cut_sandstone",
        "anvil_top_slightly_cracked": "anvil_top",
        "anvil_top_cracked": "damaged_anvil_top",
        "quartz_side_chiseled": "chiseled_quartz_block",
        "quartz_side_pillar": "quartz_pillar",
        "quartz_side": "quartz_block_top",
        "hopper_bottom": "hopper_inside",
        "break_0": "destroy_stage_0",
        "break_1": "destroy_stage_1",
        "break_2": "destroy_stage_2",
        "break_3": "destroy_stage_3",
        "break_4": "destroy_stage_4",
        "break_5": "destroy_stage_5",
        "break_6": "destroy_stage_6",
        "break_7": "destroy_stage_7",
        "break_8": "destroy_stage_8",
        "break_9": "destroy_stage_9",
        "hay_side": "hay_block_side",
        "quartz_bottom": "quartz_block_bottom",
        "hopper_rim": true,
        "hay_top": "hay_block_top",
        "coal block": "coal_block",
        "terracotta": "terracotta",
        "note block": "note_block",
        "andesite": "andesite",
        "andesite_polished": "polished_andesite",
        "diorite": "diorite",
        "diorite_polished": "polished_diorite",
        "granite": "granite",
        "granite_polished": "polished_granite",
        "potatoes_0": "potatoes_stage0",
        "potatoes_1": "potatoes_stage1",
        "potatoes_2": "potatoes_stage2",
        "potatoes_3": "potatoes_stage3",
        "spruce log_top": "spruce_log_top",
        "jungle log_top": "jungle_log_top",
        "birch log_top": "birch_log_top",
        "black terracotta": "black_terracotta",
        "blue terracotta": "blue_terracotta",
        "brown terracotta": "brown_terracotta",
        "cyan terracotta": "cyan_terracotta",
        "gray terracotta": "gray_terracotta",
        "green terracotta": "green_terracotta",
        "light blue terracotta": "light_blue_terracotta",
        "lime terracotta": "lime_terracotta",
        "magenta terracotta": "magenta_terracotta",
        "orange terracotta": "orange_terracotta",
        "pink terracotta": "pink_terracotta",
        "purple terracotta": "purple_terracotta",
        "red terracotta": "red_terracotta",
        "light gray terracotta": "light_gray_terracotta",
        "white terracotta": "white_terracotta",
        "yellow terracotta": "yellow_terracotta",
        "black glass": "black_stained_glass",
        "blue glass": "blue_stained_glass",
        "brown glass": "brown_stained_glass",
        "cyan glass": "cyan_stained_glass",
        "gray glass": "gray_stained_glass",
        "green glass": "green_stained_glass",
        "light blue glass": "light_blue_stained_glass",
        "lime glass": "lime_stained_glass",
        "magenta glass": "magenta_stained_glass",
        "orange glass": "orange_stained_glass",
        "pink glass": "pink_stained_glass",
        "purple glass": "purple_stained_glass",
        "red glass": "red_stained_glass",
        "light gray glass": "light_gray_stained_glass",
        "white glass": "white_stained_glass",
        "yellow glass": "yellow_stained_glass",
        "black glass pane_side": "black_stained_glass_pane_top",
        "blue glass pane_side": "blue_stained_glass_pane_top",
        "brown glass pane_side": "brown_stained_glass_pane_top",
        "cyan glass pane_side": "cyan_stained_glass_pane_top",
        "gray glass pane_side": "gray_stained_glass_pane_top",
        "green glass pane_side": "green_stained_glass_pane_top",
        "light blue glass pane_side": "light_blue_stained_glass_pane_top",
        "lime glass pane_side": "lime_stained_glass_pane_top",
        "magenta glass pane_side": "magenta_stained_glass_pane_top",
        "orange glass pane_side": "orange_stained_glass_pane_top",
        "pink glass pane_side": "pink_stained_glass_pane_top",
        "purple glass pane_side": "purple_stained_glass_pane_top",
        "red glass pane_side": "red_stained_glass_pane_top",
        "light gray glass pane_side": "light_gray_stained_glass_pane_top",
        "white glass pane_side": "white_stained_glass_pane_top",
        "yellow glass pane_side": "yellow_stained_glass_pane_top",
        "fern_tall_top": "large_fern_top",
        "grass_tall_top": "tall_grass_top",
        "peony_top": "peony_top",
        "rose bush_top": "rose_bush_top",
        "lilac_top": "lilac_top",
        "orange tulip": "orange_tulip",
        "sunflower_stem_top": "sunflower_top",
        "sunflower_flower_open": "sunflower_front",
        "acacia log_side": "acacia_log",
        "acacia log_top": "acacia_log_top",
        "acacia planks": "acacia_planks",
        "acacia leaves_clear": "acacia_leaves",
        "acacia leaves_dark": true,
        "prismarine bricks": "prismarine_bricks",
        "red sand": "red_sand",
        "red sandstone_bottom_smooth": "red_sandstone_top",
        "fern_tall_bottom": "large_fern_bottom",
        "grass_tall_bottom": "tall_grass_bottom",
        "peony_bottom": "peony_bottom",
        "rose bush_bottom": "rose_bush_bottom",
        "lilac_bottom": "lilac_bottom",
        "pink tulip": "pink_tulip",
        "sunflower_stem_bottom": "sunflower_bottom",
        "sunflower_flower_closed": "sunflower_back",
        "dark oak log_side": "dark_oak_log",
        "dark oak log_top": "dark_oak_log_top",
        "dark oak planks": "dark_oak_planks",
        "dark oak_leaves_clear": "dark_oak_leaves",
        "dark oak_leaves_dark": true,
        "dark prismarine": "dark_prismarine",
        "red sandstone_bottom": "red_sandstone_bottom",
        "red sandstone_side": "red_sandstone",
        "allium": "allium",
        "blue orchid": "blue_orchid",
        "azure bulet": "azure_bluet",
        "oxeye daisy": "oxeye_daisy",
        "red tulip": "red_tulip",
        "white tulip": "white_tulip",
        "acacia sappling": "acacia_sapling",
        "dark oak sappling": "dark_oak_sapling",
        "coarse dirt": "coarse_dirt",
        "dirt_side_podzol": "podzol_side",
        "grass_podzol_top": "podzol_top",
        "birch leaves_clear": "birch_leaves",
        "birch leaves_dark": true,
        "red sandstone_chiseled": "chiseled_red_sandstone",
        "red sandstone_smooth": "cut_red_sandstone",
        "acacia door_top": "acacia_door_top",
        "birch door_top": "birch_door_top",
        "dark oak door_top": "dark_oak_door_top",
        "jungle door_top": "jungle_door_top",
        "spruce door_top": "spruce_door_top",
        "chorus fruit_ripe": "chorus_flower",
        "chorus fruit": "chorus_flower_dead",
        "chorus stem": "chorus_plant",
        "end stone bricks": "end_stone_bricks",
        "grass_side_path": "grass_path_side",
        "grass_top_path": "grass_path_top",
        "barrier": false,
        "hardened ice": "packed_ice",
        "daylight sensor_top_night": "daylight_detector_inverted_top",
        "iron trapdoor": "iron_trapdoor",
        "acaica door_bottom": "acacia_door_bottom",
        "birch door_bottom": "birch_door_bottom",
        "dark oak door_bottom": "dark_oak_door_bottom",
        "jungle door_bottom": "jungle_door_bottom",
        "spruce door_bottom": "spruce_door_bottom",
        "purpur": "purpur_block",
        "purpur pillar_side": "purpur_pillar",
        "purpur pillar_top": "purpur_pillar_top",
        "end rod": "end_rod",
        "nether wart block": "nether_wart_block",
        "red nether bricks": "red_nether_bricks",
        "decaying ice_0": "ice",
        "decaying ice_1": "frosted_ice_1",
        "decaying ice_2": "frosted_ice_2",
        "decaying ice_3": "frosted_ice_3",
        "beetroots_0": "beetroots_stage0",
        "beetroots_1": "beetroots_stage1",
        "beetroots_2": "beetroots_stage2",
        "beetroots_3": "beetroots_stage3",
        "chain command block_square": "chain_command_block_back",
        "chain command block_arrow": "chain_command_block_conditional",
        "chain command block_circle": "chain_command_block_front",
        "chain command block_point": "chain_command_block_side",
        "command block_square": "command_block_back",
        "command block_arrow": "command_block_conditional",
        "command block_circle": "command_block_front",
        "command block_point": "command_block_side",
        "repeating command block_square": "repeating_command_block_back",
        "repeating command block_arrow": "repeating_command_block_conditional",
        "repeating command block_circle": "repeating_command_block_front",
        "repeating command block_point": "repeating_command_block_side",
        "bone block_side": "bone_block_side",
        "bone block_top": "bone_block_top",
        "observer_back": "observer_front",
        "observer_side": "observer_side",
        "observer_front_off": "observer_back",
        "observer_front_on": "observer_back_on",
        "observer_top": "observer_top",
        "yellow glide ring": false,
        "green glide ring": false,
        "structure block_complex": "structure_block",
        "structure block_square": "structure_block_corner",
        "structure block_plus": "structure_block_data",
        "structure block_diamond_unfilled": "structure_block_load",
        "structure block_diamond_filled": "structure_block_save",
        "black concrete": "black_concrete",
        "blue concrete": "blue_concrete",
        "brown concrete": "brown_concrete",
        "cyan concrete": "cyan_concrete",
        "gray concrete": "gray_concrete",
        "green concrete": "green_concrete",
        "light blue concrete": "light_blue_concrete",
        "lime concrete": "lime_concrete",
        "magenta concrete": "magenta_concrete",
        "orange concrete": "orange_concrete",
        "pink concrete": "pink_concrete",
        "purple concrete": "purple_concrete",
        "red concrete": "red_concrete",
        "light gray concrete": "light_gray_concrete",
        "white concrete": "white_concrete",
        "yellow concrete": "yellow_concrete",
        "black concrete powder": "black_concrete_powder",
        "blue concrete powder": "blue_concrete_powder",
        "brown concrete powder": "brown_concrete_powder",
        "cyan concrete powder": "cyan_concrete_powder",
        "gray concrete powder": "gray_concrete_powder",
        "green concrete powder": "green_concrete_powder",
        "light blue concrete powder": "light_blue_concrete_powder",
        "lime concrete powder": "lime_concrete_powder",
        "magenta concrete powder": "magenta_concrete_powder",
        "orange concrete powder": "orange_concrete_powder",
        "pink concrete powder": "pink_concrete_powder",
        "purple concrete powder": "purple_concrete_powder",
        "red concrete powder": "red_concrete_powder",
        "light gray concrete powder": "light_gray_concrete_powder",
        "white concrete powder": "white_concrete_powder",
        "yellow concrete powder": "yellow_concrete_powder",
        "black glazed terracotta": "black_glazed_terracotta",
        "blue glazed terracotta": "blue_glazed_terracotta",
        "brown glazed terracotta": "brown_glazed_terracotta",
        "cyan glazed terracotta": "cyan_glazed_terracotta",
        "gray glazed terracotta": "gray_glazed_terracotta",
        "green glazed terracotta": "green_glazed_terracotta",
        "light blue glazed terracotta": "light_blue_glazed_terracotta",
        "lime glazed terracotta": "lime_glazed_terracotta",
        "magenta glazed terracotta": "magenta_glazed_terracotta",
        "orange glazed terracotta": "orange_glazed_terracotta",
        "pink glazed terracotta": "pink_glazed_terracotta",
        "purple glazed terracotta": "purple_glazed_terracotta",
        "red glazed terracotta": "red_glazed_terracotta",
        "light gray glazed terracotta": "light_gray_glazed_terracotta",
        "white glazed terracotta": "white_glazed_terracotta",
        "yellow glazed terracotta": "yellow_glazed_terracotta",
        "tube coral block": "tube_coral_block",
        "bubble coral block": "bubble_coral_block",
        "brain coral block": "brain_coral_block",
        "fire coral block": "fire_coral_block",
        "horn coral block": "horn_coral_block",
        "tube coral": "tube_coral",
        "bubble coral": "bubble_coral",
        "brain coral": "brain_coral",
        "fire coral": "fire_coral",
        "horn coral": "horn_coral",
        "sea pickle": "sea_pickle",
        "blue ice": "blue_ice",
        "dried kelp block_top": "dried_kelp_top",
        "dreid kelp block_side": "dried_kelp_side",
        "tube coral block_dead": "dead_tube_coral_block",
        "bubble coral block_dead": "dead_bubble_coral_block",
        "brain coral block_dead": "dead_brain_coral_block",
        "fire coral block_dead": "dead_fire_coral_block",
        "horn coral block_dead": "dead_horn_coral_block",
        "tube coral_fan": "tube_coral_fan",
        "bubble coral_fan": "bubble_coral_fan",
        "brain coral_fan": "brain_coral_fan",
        "fire coral_fan": "fire_coral_fan",
        "horn coral_fan": "horn_coral_fan",
        "seagrass": "seagrass",
        "tube coral_fan_dead": "dead_tube_coral_fan",
        "bubble coral_fan_dead": "dead_bubble_coral_fan",
        "brain coral_fan_dead": "dead_brain_coral_fan",
        "fire coral_fan_dead": "dead_fire_coral_fan",
        "horn coral_fan_dead": "dead_horn_coral_fan",
        "spruce trapdoor": "spruce_trapdoor",
        "oak log_side_stripped": "stripped_oak_log",
        "oak log_top_stripped": "stripped_oak_log_top",
        "acacia log_side_stripped": "stripped_acacia_log",
        "acacia log_top_stripped": "stripped_acacia_log_top",
        "birch log_side_stripped": "stripped_birch_log",
        "birch log_top_stripped": "stripped_birch_log_top",
        "dark oak log_side_stripped": "stripped_dark_oak_log",
        "dark oak log_top_stripped": "stripped_dark_oak_log_top",
        "jungle log_side_stripped": "stripped_jungle_log",
        "jungle log_top_stripped": "stripped_jungle_log_top",
        "spruce log_side_stripped": "stripped_spruce_log",
        "spruce log_top_stripped": "stripped_spruce_log_top",
        "acacia trapdoor": "acacia_trapdoor",
        "birch trapdoor": "birch_trapdoor",
        "dark oak trapdoor": "dark_oak_trapdoor",
        "jungle trapdoor": "jungle_trapdoor"
    },
    "block_abstract": {
        "sea lantern": "sea_lantern",
        "magma block": "magma",
        "prismarine": "prismarine",
        "water": "water_still",
        "waterMip2": true,
        "waterMip3": true,
        "waterMip4": true,
        "waterMip5": true,
        "water_flow": "water_flow",
        "water_flowMip2": true,
        "water_flowMip3": true,
        "water_flowMip4": true,
        "water_flowMip5": true,
        "cauldron_water": "water_still",
        "seagrass_short": "seagrass",
        "seagrass_tall_top": "tall_seagrass_top",
        "seagrass_tall_bottom": "tall_seagrass_bottom",
        "kelp": true,
        "kelp_top": true,
        "fire_0": "fire_0",
        "fire_1": "fire_1",
        "lava": "lava_still",
        "lava_flow": "lava_flow",
        "nether portal": "nether_portal"
    },
    "item": {
        "leather_helmet": "leather_helmet",
        "chain_helmet": "chainmail_helmet",
        "iron_helmet": "iron_helmet",
        "diamond_helmet": "diamond_helmet",
        "gold_helmet": "golden_helmet",
        "flint and steel": "flint_and_steel",
        "flint": "flint",
        "coal": "coal",
        "string": "string",
        "wheat_seeds": "wheat_seeds",
        "apple": "apple",
        "golden apple": "golden_apple",
        "egg": "egg",
        "sugar": "sugar",
        "snowball": "snowball",
        "elytra": "elytra",
        "leather_chestplate": "leather_chestplate",
        "chain_chestplate": "chainmail_chestplate",
        "iron_chestplate": "iron_chestplate",
        "diamond_chestplate": "diamond_chestplate",
        "gold_chestplate": "golden_chestplate",
        "bow": "bow",
        "brick": "brick",
        "iron ingot": "iron_ingot",
        "feather": "feather",
        "wheat": "wheat",
        "painting": "painting",
        "sugar cane": "sugar_cane",
        "bone": "bone",
        "cake": "cake",
        "slime ball": "slime_ball",
        "elytra_broken": "broken_elytra",
        "leather_leggings": "leather_leggings",
        "chain_leggings": "chainmail_leggings",
        "iron_leggings": "iron_leggings",
        "diamond_leggings": "diamond_leggings",
        "gold_leggings": "golden_leggings",
        "arrow": "arrow",
        "ender crystal": "end_crystal",
        "gold ingot": "gold_ingot",
        "gunpowder": "gunpowder",
        "bread": "bread",
        "sign": "sign",
        "oak_door": "oak_door",
        "iron_door": "iron_door",
        "bed_colorless": false,
        "fire charge": "fire_charge",
        "chorus fruit": "chorus_fruit",
        "leather_boots": "leather_boots",
        "chain_boots": "chainmail_boots",
        "iron_boots": "iron_boots",
        "diamond_boots": "diamond_boots",
        "gold_boots": "golden_boots",
        "stick": "stick",
        "diamond": "diamond",
        "redstone dust": "redstone",
        "clay": "clay_ball",
        "paper": "paper",
        "book": "book",
        "map_unfilled": "map",
        "pumpkin_seeds": "pumpkin_seeds",
        "melon_seeds": "melon_seeds",
        "chorus fruit_popped": "popped_chorus_fruit",
        "wooden_sword": "wooden_sword",
        "stone_sword": "stone_sword",
        "iron_sword": "iron_sword",
        "diamond_sword": "diamond_sword",
        "gold_sword": "golden_sword",
        "fishing rod": "fishing_rod",
        "bowl_empty": "bowl",
        "mushroom soup": "mushroom_stew",
        "glowstone": "glowstone_dust",
        "bucket_empty": "bucket",
        "bucket_water": "water_bucket",
        "bucket_lava": "lava_bucket",
        "bucket_milk": "milk_bucket",
        "ink sac": "ink_sac",
        "dye_gray": "gray_dye",
        "wooden_shovel": "wooden_shovel",
        "stone_shovel": "stone_shovel",
        "iron_shovel": "iron_shovel",
        "diamond_shovel": "diamond_shovel",
        "gold_shovel": "golden_shovel",
        "fishing rod_casted": "fishing_rod_cast",
        "repeater": "repeater",
        "raw pork": "porkchop",
        "pork": "cooked_porkchop",
        "raw cod": "cod",
        "cod": "cooked_cod",
        "rotten flesh": "rotten_flesh",
        "cookie": "cookie",
        "shears": "shears",
        "dye_red": "rose_red",
        "dye_pink": "pink_dye",
        "wooden_pickaxe": "wooden_pickaxe",
        "stone_pickaxe": "stone_pickaxe",
        "iron_pickaxe": "iron_pickaxe",
        "diamond_pickaxe": "diamond_pickaxe",
        "gold_pickaxe": "golden_pickaxe",
        "bow_charge1": "bow_pulling_0",
        "fishing rod_carrot": "carrot_on_a_stick",
        "leather": "leather",
        "saddle": "saddle",
        "raw steak": "beef",
        "steak": "cooked_beef",
        "ender pearl": "ender_pearl",
        "blaze rod": "blaze_rod",
        "melon": "melon_slice",
        "dye_green": "cactus_green",
        "dye_lime": "lime_dye",
        "wooden_axe": "wooden_axe",
        "stone_axe": "stone_axe",
        "iron_axe": "iron_axe",
        "diamond_axe": "diamond_axe",
        "gold_axe": "golden_axe",
        "bow_charge2": "bow_pulling_1",
        "potato_baked": "baked_potato",
        "potato": "potato",
        "carrot": "carrot",
        "raw chicken": "chicken",
        "chicken": "cooked_chicken",
        "ghast tear": "ghast_tear",
        "golden nugget": "gold_nugget",
        "nether wart": "nether_wart",
        "dye_brown": "cocoa_beans",
        "dye_yellow": "dandelion_yellow",
        "wooden_hoe": "wooden_hoe",
        "stone_hoe": "stone_hoe",
        "iron_hoe": "iron_hoe",
        "diamond_hoe": "diamond_hoe",
        "gold_hoe": "golden_hoe",
        "bow_charge3": "bow_pulling_1",
        "potato_poisonous": "poisonous_potato",
        "minecart": "minecart",
        "oak_boat": "oak_boat",
        "melon_golden": "glistering_melon_slice",
        "spider eye_fermented": "fermented_spider_eye",
        "spider eye": "spider_eye",
        "bottle": "potion",
        "bottle_fill": "potion_overlay",
        "lapis_lazuli": "lapis_lazuli",
        "dye_light_blue": "light_blue_dye",
        "leather_helmet_overlay": "leather_helmet_overlay",
        "arrow_spectral": "spectral_arrow",
        "horse armor_iron": "iron_horse_armor",
        "horse armor_diamond": "diamond_horse_armor",
        "horse armor_gold": "golden_horse_armor",
        "comparator": "comparator",
        "carrot_golden": "golden_carrot",
        "minecart_chest": "chest_minecart",
        "punpkin pie": "pumpkin_pie",
        "spawn egg_base": "spawn_egg",
        "bottle_splash": "splash_potion",
        "eye of ender": "ender_eye",
        "cauldron": "cauldron",
        "blaze powder": "blaze_powder",
        "dye_purple": "purple_dye",
        "dye_magenta": "magenta_dye",
        "leather_chestplate_overlay": "leather_chestplate_overlay",
        "arrow_tipped_colorless": "tipped_arrow_base",
        "dragons breath": "dragon_breath",
        "name tag": "name_tag",
        "lead": "lead",
        "brick_nether": "nether_brick",
        "clownfish": "tropical_fish",
        "minecart_furnace": "furnace_minecart",
        "charcoal": "charcoal",
        "spawn egg_spots": "spawn_egg_overlay",
        "bed_colored": false,
        "xp bottle": "experience_bottle",
        "brewing stand": "brewing_stand",
        "magma cream": "magma_cream",
        "dye_cyan": "cyan_dye",
        "dye_orange": "orange_dye",
        "leather_leggings_overlay": "leather_leggings_overlay",
        "arrow_tipped_colored": "tipped_arrow_head",
        "bottle_lingering": "lingering_potion",
        "barrier": "barrier",
        "raw mutton": "mutton",
        "raw rabbit": "rabbit",
        "pufferfish": "pufferfish",
        "minecart_hopper": "hopper_minecart",
        "hopper": "hopper",
        "nether star": "nether_star",
        "emerald": "emerald",
        "book_quill": "writable_book",
        "book_written": "written_book",
        "pot": "flower_pot",
        "dye_light_gray": "light_gray_dye",
        "bone meal": "bone_meal",
        "leather_boots_overlay": "leather_boots_overlay",
        "beetroot": "beetroot",
        "beetroot_seeds": "beetroot_seeds",
        "beetroot stew": "beetroot_soup",
        "mutton": "cooked_mutton",
        "rabbit": "cooked_rabbit",
        "raw salmon": "salmon",
        "minecart_tnt": "tnt_minecart",
        "armor stand": "armor_stand",
        "firework": "firework_rocket",
        "firework star_colorless": "firework_star",
        "firework star_colored": "firework_star_overlay",
        "quartz": "quartz",
        "map_filled_base": "map",
        "item frame": "item_frame",
        "book_enchanted": "enchanted_book",
        "acacia_door": "acacia_door",
        "birch_door": "birch_door",
        "dark oak_door": "dark_oak_door",
        "jungle_door": "jungle_door",
        "spruce_door": "spruce_door",
        "rabbit_stew": "rabbit_stew",
        "salmon": "cooked_salmon",
        "minecart_command block": "command_block_minecart",
        "acacia_boat": "acacia_boat",
        "birch_boat": "birch_boat",
        "dark oak_boat": "dark_oak_boat",
        "jungle_boat": "jungle_boat",
        "spruce_boat": "spruce_boat",
        "prismarine_crystal": "prismarine_shard",
        "prismarine_shard": "prismarine_crystals",
        "horse armor_leather_colored": true,
        "structure_void": "structure_void",
        "map_filled_overlay": "filled_map_markings",
        "totem of undying": "totem_of_undying",
        "shulker shell": "shulker_shell",
        "iron nugget": "iron_nugget",
        "rabbits foot": "rabbit_foot",
        "rabbit hide": "rabbit_hide",
        "fire charge_dragon": false,
        "disc_13": "music_disc_13",
        "disc_cat": "music_disc_cat",
        "disc_blocks": "music_disc_blocks",
        "disc_chirp": "music_disc_chirp",
        "disc_far": "music_disc_far",
        "disc_mall": "music_disc_mall",
        "disc_mellohi": "music_disc_mellohi",
        "disc_stal": "music_disc_stal",
        "disc_strad": "music_disc_strad",
        "disc_ward": "music_disc_ward",
        "disc_11": "music_disc_11",
        "disc_wait": "music_disc_wait",
        "bucket_cod": "cod_bucket",
        "bucket_salmon": "salmon_bucket",
        "bucket_pufferfish": "pufferfish_bucket",
        "bucket_clownfish": "tropical_fish_bucket",
        "horse armor_leather_colorless": true,
        "kelp": "kelp",
        "kelp_dried": "dried_kelp",
        "sea pickle": "sea_pickle",
        "nautilus": "nautilus_shell",
        "heart of the sea": "heart_of_the_sea",
        "turtle_shell": "turtle_helmet",
        "scute": "scute",
        "trident": "trident",
        "phantom membrane": "phantom_membrane"
    },
    "item_abstract": {
        "compass": true,
        "clock": true
    },
    "particle_override": "particles",
    "particle": {
        "dust_0": "generic_0",
        "dust_1": "generic_1",
        "dust_2": "generic_2",
        "dust_3": "generic_3",
        "dust_4": "generic_4",
        "dust_5": "generic_5",
        "dust_6": "generic_6",
        "dust_7": "generic_7",
        "splash_0": false,
        "splash_1": false,
        "splash_2": "splash_0",
        "splash_3": "splash_1",
        "splash_4": "splash_2",
        "splash_5": "splash_3",
        "bubble": "bubble",
        "lure": true,
        "shine": true,
        "fire_0": "flame",
        "fire_1": "lava",
        "note": "note",
        "critical": "critical_hit",
        "enchanted": "enchanted_hit",
        "damage": "damage",
        "love": "heart",
        "angry": "angry",
        "happy": "glint",
        "drip_0": "drip_hang",
        "drip_1": "drip_fall",
        "drip_2": "drip_land",
        "potion_0": "effect_0",
        "potion_1": "effect_1",
        "potion_2": "effect_2",
        "potion_3": "effect_3",
        "potion_4": "effect_4",
        "potion_5": "effect_5",
        "potion_6": "effect_6",
        "potion_7": "effect_7",
        "potion_instant_0": "spell_0",
        "potion_instant_1": "spell_1",
        "potion_instant_2": "spell_2",
        "potion_instant_3": "spell_3",
        "potion_instant_4": "spell_4",
        "potion_instant_5": "spell_5",
        "potion_instant_6": "spell_6",
        "potion_instant_7": "spell_7",
        "firework_0": "spark_0",
        "firework_1": "spark_1",
        "firework_2": "spark_2",
        "firework_3": "spark_3",
        "firework_4": "spark_4",
        "firework_5": "spark_5",
        "firework_6": "spark_6",
        "firework_7": "spark_7",
        "round_0": "glitter_0",
        "round_1": "glitter_1",
        "round_2": "glitter_2",
        "round_3": "glitter_3",
        "round_4": "glitter_4",
        "round_5": "glitter_5",
        "round_6": "glitter_6",
        "round_7": "glitter_7",
        "conduit_1_1": "nautilus",
        "conduit_1_2": "nautilus",
        "conduit_1_3": "nautilus",
        "conduit_2_1": "nautilus",
        "conduit_2_2": "nautilus",
        "conduit_2_3": "nautilus",
        "conduit_3_1": "nautilus",
        "conduit_3_2": "nautilus",
        "conduit_3_3": "nautilus",
        "conduit_4_1": "nautilus",
        "conduit_4_2": "nautilus",
        "conduit_4_3": "nautilus",
        "ench_a": "sga_a",
        "ench_b": "sga_b",
        "ench_c": "sga_c",
        "ench_d": "sga_d",
        "ench_e": "sga_e",
        "ench_f": "sga_f",
        "ench_g": "sga_g",
        "ench_h": "sga_h",
        "ench_i": "sga_i",
        "ench_j": "sga_j",
        "ench_k": "sga_k",
        "ench_l": "sga_l",
        "ench_m": "sga_m",
        "ench_n": "sga_n",
        "ench_o": "sga_o",
        "ench_p": "sga_p",
        "ench_q": "sga_q",
        "ench_r": "sga_r",
        "ench_s": "sga_s",
        "ench_t": "sga_t",
        "ench_u": "sga_u",
        "ench_v": "sga_v",
        "ench_w": "sga_w",
        "ench_x": "sga_x",
        "ench_y": "sga_y",
        "ench_z": "sga_z"
    },
    "particle_abstract": {
        "explosion": true
    },
    "entity_abstract": {
        "chicken": "chicken",
        "polarbear": "bear\\polarbear",
        "dragon_fireball": "enderdragon\\dragon_fireball",
        "cod": "fish\\cod",
        "pufferfish": "fish\\pufferfish",
        "salmon": "fish\\salmon",
        "tropical_a": "fish\\tropical_a",
        "tropical_a_pattern_1": "fish\\tropical_a_pattern_1",
        "tropical_a_pattern_2": "fish\\tropical_a_pattern_2",
        "tropical_a_pattern_3": "fish\\tropical_a_pattern_3",
        "tropical_a_pattern_4": "fish\\tropical_a_pattern_4",
        "tropical_a_pattern_5": "fish\\tropical_a_pattern_5",
        "tropical_a_pattern_6": "fish\\tropical_a_pattern_6",
        "tropical_b": "fish\\tropical_b",
        "tropical_b_pattern_1": "fish\\tropical_b_pattern_1",
        "tropical_b_pattern_2": "fish\\tropical_b_pattern_2",
        "tropical_b_pattern_3": "fish\\tropical_b_pattern_3",
        "tropical_b_pattern_4": "fish\\tropical_b_pattern_4",
        "tropical_b_pattern_5": "fish\\tropical_b_pattern_5",
        "tropical_b_pattern_6": "fish\\tropical_b_pattern_6",
        "horse_armor_diamond": "horse\\armor\\horse_armor_diamond",
        "horse_armor_gold": "horse\\armor\\horse_armor_gold",
        "horse_armor_iron": "horse\\armor\\horse_armor_iron",
        "horse_armor_leather_1": true,
        "horse_armor_leather_1_b": true,
        "donkey": "horse\\donkey",
        "horse_black": "horse\\horse_black",
        "horse_brown": "horse\\horse_brown",
        "horse_chestnut": "horse\\horse_chestnut",
        "horse_creamy": "horse\\horse_creamy",
        "horse_darkbrown": "horse\\horse_darkbrown",
        "horse_gray": "horse\\horse_gray",
        "horse_markings_blackdots": "horse\\horse_markings_blackdots",
        "horse_markings_white": "horse\\horse_markings_white",
        "horse_markings_whitedots": "horse\\horse_markings_whitedots",
        "horse_markings_whitefield": "horse\\horse_markings_whitefield",
        "horse_skeleton": "horse\\horse_skeleton",
        "horse_white": "horse\\horse_white",
        "horse_zombie": "horse\\horse_zombie",
        "mule": "horse\\mule",
        "evoker": "illager\\evoker",
        "fangs": "illager\\evoker_fangs",
        "illusionist": "illager\\illusioner",
        "vex": "illager\\vex",
        "vex_charging": "illager\\vex_charging",
        "vindicator": "illager\\vindicator",
        "decor_black": "llama\\decor\\black",
        "decor_blue": "llama\\decor\\blue",
        "decor_brown": "llama\\decor\\brown",
        "decor_cyan": "llama\\decor\\cyan",
        "decor_gray": "llama\\decor\\gray",
        "decor_green": "llama\\decor\\green",
        "decor_light_blue": "llama\\decor\\light_blue",
        "decor_lime": "llama\\decor\\lime",
        "decor_magenta": "llama\\decor\\magenta",
        "decor_orange": "llama\\decor\\orange",
        "decor_pink": "llama\\decor\\pink",
        "decor_purple": "llama\\decor\\purple",
        "decor_red": "llama\\decor\\red",
        "decor_silver": "llama\\decor\\light_gray",
        "decor_white": "llama\\decor\\white",
        "decor_yellow": "llama\\decor\\yellow",
        "llama_brown": "llama\\brown",
        "llama_creamy": "llama\\creamy",
        "llama_gray": "llama\\gray",
        "llama_white": "llama\\white",
        "spit": "llama\\spit",
        "parrot_blue": "parrot\\parrot_blue",
        "parrot_green": "parrot\\parrot_green",
        "parrot_grey": "parrot\\parrot_grey",
        "parrot_red_blue": "parrot\\parrot_red_blue",
        "parrot_yellow_blue": "parrot\\parrot_yellow_blue",
        "rabbit_black": "rabbit\\black",
        "rabbit_brown": "rabbit\\brown",
        "rabbit_caerbannog": "rabbit\\caerbannog",
        "rabbit_gold": "rabbit\\gold",
        "rabbit_salt": "rabbit\\salt",
        "rabbit_toast": "rabbit\\toast",
        "rabbit_white": "rabbit\\white",
        "rabbit_white_splotched": "rabbit\\white_splotched",
        "endergolem": true,
        "spark": "shulker\\spark",
        "stray": "skeleton\\stray",
        "stray_overlay": "skeleton\\stray_overlay",
        "drowned": true,
        "husk": true,
        "zombie_butcher": "zombie_villager\\zombie_butcher",
        "zombie_farmer": "zombie_villager\\zombie_farmer",
        "zombie_librarian": "zombie_villager\\zombie_librarian",
        "zombie_priest": "zombie_villager\\zombie_priest",
        "zombie_smith": "zombie_villager\\zombie_smith",
        "zombie_villager": "zombie_villager\\zombie_villager",
        "dolphin": true,
        "endermite": "endermite",
        "guardian": "guardian",
        "guardian_beam": "guardian_beam",
        "guardian_elder": "guardian_elder",
        "phantom": "phantom",
        "sea_turtle": true,
        "skeleton": "skeleton\\skeleton",
        "skeleton_wither": "skeleton\\wither_skeleton",
        "dragon": "enderdragon\\dragon",
        "dragon_eyes": "enderdragon\\dragon_eyes",
        "butcher": "villager\\butcher",
        "farmer": "villager\\farmer",
        "librarian": "villager\\librarian",
        "priest": "villager\\priest",
        "smith": "villager\\smith",
        "villager": "villager\\villager",
        "wither": "wither\\wither",
        "wither_armor": "wither\\wither_armor",
        "wither_invulnerable": "wither\\wither_invulnerable",
        "enderman_eyes": "enderman\\enderman_eyes",
        "mooshroom": true,
        "bat": "bat",
        "witch": "witch",
        "wolf_collar": "wolf\\wolf_collar",
        "wolf_tame": "wolf\\wolf_tame",
        "zombie": true,
        "snowman": "snow_golem",
        "beam": "end_crystal\\end_crystal_beam",
        "crystal": "end_crystal\\end_crystal",
        "ozelot": "cat\\ocelot",
        "cat_black": "cat\\black",
        "cat_red": "cat\\red",
        "cat_siamese": "cat\\siamese",
        "cavespider": "spider\\cave_spider",
        "spider": "spider\\spider",
        "spider_eyes": "spider_eyes",
        "cow": true,
        "creeper": "creeper\\creeper",
        "enderman": "enderman\\enderman",
        "fire": "blaze",
        "ghast": "ghast\\ghast",
        "ghast_fire": "ghast\\ghast_shooting",
        "slime_lava": "slime\\magmacube",
        "pig": "pig\\pig",
        "pigzombie": true,
        "sheep": "sheep\\sheep",
        "sheep_fur": "sheep\\sheep_fur",
        "silverfish": "silverfish",
        "slime": "slime\\slime",
        "squid": "squid",
        "villager_golem": "iron_golem",
        "wolf": "wolf\\wolf",
        "wolf_angry": "wolf\\wolf_angry",
        "saddle": "pig\\pig_saddle",
        "armorstand": "armorstand\\wood",
        "banner_atlas": true,
        "banner_base": "banner_base",
        "bed": true,
        "boat_oak": "boat\\oak",
        "boat_birch": "boat\\birch",
        "boat_spruce": "boat\\spruce",
        "boat_jungle": "boat\\jungle",
        "boat_acacia": "boat\\acacia",
        "boat_darkoak": "boat\\dark_oak",
        "xporb": "experience_orb",
        "arrows": "projectiles\\arrow",
        "cart": "minecart",
        "chest": "chest\\normal",
        "largechest": "chest\\normal_double",
        "sign": "sign",
        "book": "enchanting_table_book",
        "christmas": "chest\\christmas",
        "christmas_double": "chest\\christmas_double",
        "enderchest": "chest\\ender",
        "lead_knot": "lead_knot",
        "trapped": "chest\\trapped",
        "trapped_double": "chest\\trapped_double",
        "conduit_base": true,
        "conduit_cage": "conduit\\cage",
        "conduit_closed": "conduit\\closed_eye",
        "conduit_open": "conduit\\open_eye",
        "conduit_wind_horizontal": true,
        "conduit_wind_vertical": true,
        "beacon_beam": "beacon_beam",
        "elytra": "elytra",
        "firework": true,
        "spectral_arrow": "projectiles\\spectral_arrow",
        "tipped_arrow": "projectiles\\arrow",
        "trident": "trident",
        "trident_riptide": "trident_riptide",
        "particlefield": "end_portal"
    }
}