{
    "Abstract": {
        "chicken": ["update", "122", "mob\\chicken"],
        "polarbear": ["update", "title", "mob\\bear\\polarbear"],
        "dragon_fireball": ["update", "title", "mob\\enderdragon\\dragon_fireball"],
        "cod": ["update", "title", "mob\\fish\\cod"],
        "pufferfish": ["update", "title", "mob\\fish\\pufferfish"],
        "salmon": ["update", "title", "mob\\fish\\salmon"],
        "tropical_a": ["update", "title", "mob\\fish\\tropical_a"],
        "tropical_a_pattern_1": ["update", "title", "mob\\fish\\tropical_a_pattern_1"],
        "tropical_a_pattern_2": ["update", "title", "mob\\fish\\tropical_a_pattern_2"],
        "tropical_a_pattern_3": ["update", "title", "mob\\fish\\tropical_a_pattern_3"],
        "tropical_a_pattern_4": ["update", "title", "mob\\fish\\tropical_a_pattern_4"],
        "tropical_a_pattern_5": ["update", "title", "mob\\fish\\tropical_a_pattern_5"],
        "tropical_a_pattern_6": ["update", "title", "mob\\fish\\tropical_a_pattern_6"],
        "tropical_b": ["update", "title", "mob\\fish\\tropical_b"],
        "tropical_b_pattern_1": ["update", "title", "mob\\fish\\tropical_b_pattern_1"],
        "tropical_b_pattern_2": ["update", "title", "mob\\fish\\tropical_b_pattern_2"],
        "tropical_b_pattern_3": ["update", "title", "mob\\fish\\tropical_b_pattern_3"],
        "tropical_b_pattern_4": ["update", "title", "mob\\fish\\tropical_b_pattern_4"],
        "tropical_b_pattern_5": ["update", "title", "mob\\fish\\tropical_b_pattern_5"],
        "tropical_b_pattern_6": ["update", "title", "mob\\fish\\tropical_b_pattern_6"],
        "horse_armor_diamond": ["update", "title", "mob\\horse\\armor\\horse_armor_diamond"],
        "horse_armor_gold": ["update", "title", "mob\\horse\\armor\\horse_armor_gold"],
        "horse_armor_iron": ["update", "title", "mob\\horse\\armor\\horse_armor_iron"],
        "horse_armor_leather_1": ["update", "title", "mob\\horse\\armor\\horse_armor_leather_1"],
        "horse_armor_leather_1_b": ["update", "title", "mob\\horse\\armor\\horse_armor_leather_1_b"],
        "donkey": ["update", "title", "mob\\horse\\donkey"],
        "horse_black": ["update", "title", "mob\\horse\\horse_black"],
        "horse_brown": ["update", "title", "mob\\horse\\horse_brown"],
        "horse_chestnut": ["update", "title", "mob\\horse\\horse_chestnut"],
        "horse_creamy": ["update", "title", "mob\\horse\\horse_creamy"],
        "horse_darkbrown": ["update", "title", "mob\\horse\\horse_darkbrown"],
        "horse_gray": ["update", "title", "mob\\horse\\horse_gray"],
        "horse_markings_blackdots": ["update", "title", "mob\\horse\\horse_markings_blackdots"],
        "horse_markings_white": ["update", "title", "mob\\horse\\horse_markings_white"],
        "horse_markings_whitedots": ["update", "title", "mob\\horse\\horse_markings_whitedots"],
        "horse_markings_whitefield": ["update", "title", "mob\\horse\\horse_markings_whitefield"],
        "horse_skeleton": ["update", "title", "mob\\horse\\horse_skeleton"],
        "horse_white": ["update", "title", "mob\\horse\\horse_white"],
        "horse_zombie": ["update", "title", "mob\\horse\\horse_zombie"],
        "mule": ["update", "title", "mob\\horse\\mule"],
        "evoker": ["update", "title", "mob\\illager\\evoker"],
        "fangs": ["update", "title", "mob\\illager\\fangs"],
        "illusionist": ["update", "title", "mob\\illager\\illusionist"],
        "vex": ["update", "title", "mob\\illager\\vex"],
        "vex_charging": ["update", "title", "mob\\illager\\vex_charging"],
        "vindicator": ["update", "title", "mob\\illager\\vindicator"],
        "decor_black": ["update", "title", "mob\\llama\\decor\\decor_black"],
        "decor_blue": ["update", "title", "mob\\llama\\decor\\decor_blue"],
        "decor_brown": ["update", "title", "mob\\llama\\decor\\decor_brown"],
        "decor_cyan": ["update", "title", "mob\\llama\\decor\\decor_cyan"],
        "decor_gray": ["update", "title", "mob\\llama\\decor\\decor_gray"],
        "decor_green": ["update", "title", "mob\\llama\\decor\\decor_green"],
        "decor_light_blue": ["update", "title", "mob\\llama\\decor\\decor_light_blue"],
        "decor_lime": ["update", "title", "mob\\llama\\decor\\decor_lime"],
        "decor_magenta": ["update", "title", "mob\\llama\\decor\\decor_magenta"],
        "decor_orange": ["update", "title", "mob\\llama\\decor\\decor_orange"],
        "decor_pink": ["update", "title", "mob\\llama\\decor\\decor_pink"],
        "decor_purple": ["update", "title", "mob\\llama\\decor\\decor_purple"],
        "decor_red": ["update", "title", "mob\\llama\\decor\\decor_red"],
        "decor_silver": ["update", "title", "mob\\llama\\decor\\decor_silver"],
        "decor_white": ["update", "title", "mob\\llama\\decor\\decor_white"],
        "decor_yellow": ["update", "title", "mob\\llama\\decor\\decor_yellow"],
        "llama_brown": ["update", "title", "mob\\llama\\llama_brown"],
        "llama_creamy": ["update", "title", "mob\\llama\\llama_creamy"],
        "llama_gray": ["update", "title", "mob\\llama\\llama_gray"],
        "llama_white": ["update", "title", "mob\\llama\\llama_white"],
        "spit": ["update", "title", "mob\\llama\\spit"],
        "parrot_blue": ["update", "title", "mob\\parrot\\parrot_blue"],
        "parrot_green": ["update", "title", "mob\\parrot\\parrot_green"],
        "parrot_grey": ["update", "title", "mob\\parrot\\parrot_grey"],
        "parrot_red_blue": ["update", "title", "mob\\parrot\\parrot_red_blue"],
        "parrot_yellow_blue": ["update", "title", "mob\\parrot\\parrot_yellow_blue"],
        "rabbit_black": ["update", "title", "mob\\rabbit\\black"],
        "rabbit_brown": ["update", "title", "mob\\rabbit\\brown"],
        "rabbit_caerbannog": ["update", "title", "mob\\rabbit\\caerbannog"],
        "rabbit_gold": ["update", "title", "mob\\rabbit\\gold"],
        "rabbit_salt": ["update", "title", "mob\\rabbit\\salt"],
        "rabbit_toast": ["update", "title", "mob\\rabbit\\toast"],
        "rabbit_white": ["update", "title", "mob\\rabbit\\white"],
        "rabbit_white_splotched": ["update", "title", "mob\\rabbit\\white_splotched"],
        "endergolem": ["update", "title", "mob\\shulker\\endergolem"],
        "spark": ["update", "title", "mob\\shulker\\spark"],
        "stray": ["update", "title", "mob\\skeleton\\stray"],
        "stray_overlay": ["update", "title", "mob\\skeleton\\stray_overlay"],
        "drowned": ["update", "title", "mob\\zombie\\drowned"],
        "husk": ["update", "title", "mob\\zombie\\husk"],
        "zombie_butcher": ["update", "title", "mob\\zombie_villager\\zombie_butcher"],
        "zombie_farmer": ["update", "title", "mob\\zombie_villager\\zombie_farmer"],
        "zombie_librarian": ["update", "title", "mob\\zombie_villager\\zombie_librarian"],
        "zombie_priest": ["update", "title", "mob\\zombie_villager\\zombie_priest"],
        "zombie_smith": ["update", "title", "mob\\zombie_villager\\zombie_smith"],
        "zombie_villager": ["update", "title", "mob\\zombie_villager\\zombie_villager"],
        "dolphin": ["update", "title", "mob\\dolphin"],
        "endermite": ["update", "title", "mob\\endermite"],
        "guardian": ["update", "title", "mob\\guardian"],
        "guardian_beam": ["update", "title", "mob\\guardian_beam"],
        "guardian_elder": ["update", "title", "mob\\guardian_elder"],
        "phantom": ["update", "title", "mob\\phantom"],
        "sea_turtle": ["update", "title", "mob\\sea_turtle"],
        "skeleton": ["update", "title", "mob\\skeleton"],
        "skeleton_wither": ["update", "title", "mob\\skeleton_wither"],
        "dragon": ["base", "title", "mob\\enderdragon\\ender"],
        "dragon_eyes": ["base", "title", "mob\\enderdragon\\ender_eyes"],
        "butcher": ["base", "title", "mob\\villager\\butcher"],
        "farmer": ["base", "title", "mob\\villager\\farmer"],
        "librarian": ["base", "title", "mob\\villager\\librarian"],
        "priest": ["base", "title", "mob\\villager\\priest"],
        "smith": ["base", "title", "mob\\villager\\smith"],
        "villager": ["base", "title", "mob\\villager\\villager"],
        "wither": ["base", "title", "mob\\wither\\wither"],
        "wither_armor": ["base", "title", "mob\\wither\\wither_armor"],
        "wither_invulnerable": ["base", "title", "mob\\wither\\wither_invulnerable"],
        "enderman_eyes": ["base", "title", "mob\\enderman_eyes"],
        "mooshroom": ["base", "title", "mob\\redcow"],
        "bat": ["base", "title", "mob\\bat"],
        "witch": ["base", "title", "mob\\witch"],
        "wolf_collar": ["base", "title", "mob\\wolf_collar"],
        "wolf_tame": ["base", "title", "mob\\wolf_tame"],
        "zombie": ["base", "title", "mob\\zombie"],
        "snowman": ["base", "title", "mob\\snowman"],
        "beam": ["base", "122", "mob\\enderdragon\\beam"],
        "crystal": ["base", "122", "mob\\enderdragon\\crystal"],
        "ozelot": ["base", "122", "mob\\ozelot"],
        "cat_black": ["base", "122", "mob\\cat_black"],
        "cat_red": ["base", "122", "mob\\cat_red"],
        "cat_siamese": ["base", "122", "mob\\cat_siamese"],
        "cavespider": ["base", "122", "mob\\cavespider"],
        "spider": ["base", "122", "mob\\spider"],
        "spider_eyes": ["base", "122", "mob\\spider_eyes"],
        "cow": ["base", "122", "mob\\cow"],
        "creeper": ["base", "122", "mob\\creeper"],
        "enderman": ["base", "122", "mob\\enderman"],
        "fire": ["base", "122", "mob\\fire"],
        "ghast": ["base", "122", "mob\\ghast"],
        "ghast_fire": ["base", "122", "mob\\ghast_fire"],
        "slime_lava": ["base", "122", "mob\\lava"],
        "pig": ["base", "122", "mob\\pig"],
        "pigzombie": ["base", "122", "mob\\pigzombie"],
        "sheep": ["base", "122", "mob\\sheep"],
        "sheep_fur": ["base", "122", "mob\\sheep_fur"],
        "silverfish": ["base", "122", "mob\\silverfish"],
        "slime": ["base", "122", "mob\\slime"],
        "squid": ["base", "122", "mob\\squid"],
        "villager_golem": ["base", "122", "mob\\villager_golem"],
        "wolf": ["base", "122", "mob\\wolf"],
        "wolf_angry": ["base", "122", "mob\\wolf_angry"],
        "saddle": ["base", "122", "mob\\saddle"],
        "armorstand": ["update", "title", "item\\wood"],
        "banner_atlas": ["update", "title", "item\\Banner_Atlas"],
        "banner_base": ["update", "title", "item\\banner_base"],
        "bed": ["update", "title", "item\\bed"],
        "boat_oak": ["update", "title", "item\\boat\\boat_oak"],
        "boat_birch": ["update", "title", "item\\boat\\boat_birch"],
        "boat_spruce": ["update", "title", "item\\boat\\boat_spruce"],
        "boat_jungle": ["update", "title", "item\\boat\\boat_jungle"],
        "boat_acacia": ["update", "title", "item\\boat\\boat_acacia"],
        "boat_darkoak": ["update", "title", "item\\boat\\boat_darkoak"],
        "xporb": ["update", "122", "item\\xporb"],
        "arrows": ["update", "122", "item\\arrows"],
        "cart": ["update", "122", "item\\cart"],
        "chest": ["update", "122", "item\\chest"],
        "largechest": ["update", "122", "item\\largechest"],
        "sign": ["update", "122", "item\\sign"],
        "book": ["base", "title", "item\\book"],
        "christmas": ["base", "title", "item\\christmas"],
        "christmas_double": ["base", "title", "item\\christmas_double"],
        "enderchest": ["base", "title", "item\\enderchest"],
        "lead_knot": ["base", "title", "item\\lead_knot"],
        "trapped": ["base", "title", "item\\trapped"],
        "trapped_double": ["base", "title", "item\\trapped_double"],
        "conduit_base": ["update", "title", "item\\conduit_base"],
        "conduit_cage": ["update", "title", "item\\conduit_cage"],
        "conduit_closed": ["update", "title", "item\\conduit_closed"],
        "conduit_open": ["update", "title", "item\\conduit_open"],
        "conduit_wind_horizontal": ["update", "title", "item\\conduit_wind_horizontal"],
        "conduit_wind_vertical": ["update", "title", "item\\conduit_wind_vertical"],
        "beacon_beam": ["base", "title", "misc\\beacon_beam"],
        "elytra": ["update", "title", "item\\elytra"],
        "firework": ["update", "title", "item\\firework"],
        "spectral_arrow": ["update", "title", "item\\spectral_arrow"],
        "tipped_arrow": ["update", "title", "item\\tipped_arrow"],
        "trident": ["update", "title", "item\\trident"],
        "trident_riptide": ["update", "title", "item\\trident_riptide"],
        "particlefield": ["base", "title", "misc\\particlefield"]
    }
}