{
    "block": {
        "grass_top": "grass_block_top",
        "stone": "stone",
        "dirt": "dirt",
        "grass_side_dirt": "grass_block_side",
        "oak wood planks": "oak_planks",
        "smooth stone_side": "stone_slab_side",
        "smooth stone_top": "stone_slab_top",
        "bricks": "bricks",
        "tnt_side": "tnt_side",
        "tnt_top": "tnt_top",
        "tnt_bottom": "tnt_bottom",
        "cobweb": "cobweb",
        "poppy": "poppy",
        "dandelion": "dandelion",
        "oak sappling": "oak_sapling",
        "cobblestone": "cobblestone",
        "bedrock": "bedrock",
        "sand": "sand",
        "gravel": "gravel",
        "oak log_side": "oak_log",
        "oak log_top": "oak_log_top",
        "iron block": "iron_block",
        "gold block": "gold_block",
        "diamond block": "diamond_block",
        "emerald block": "emerald_block",
        "redstone block": "redstone_block",
        "dropper_front": "dropper_front",
        "red mushroom": "red_mushroom",
        "brown mushroom": "brown_mushroom",
        "jungle sappling": "jungle_sapling",
        "gold ore": "gold_ore",
        "iron ore": "iron_ore",
        "coal ore": "coal_ore",
        "bookshelf": "bookshelf",
        "mossy cobblestone": "mossy_cobblestone",
        "obsidian": "obsidian",
        "grass_side": "grass_block_side_overlay",
        "grass": "grass",
        "dispenser_top": "dispenser_front_vertical",
        "beacon": "beacon",
        "dropper_top": "dropper_front_vertical",
        "crafting table_top": "crafting_table_top",
        "furnace_front": "furnace_front",
        "furnace_side": "furnace_side",
        "dispenser_front": "dispenser_front",
        "sponge": "sponge",
        "glass": "glass",
        "diamond ore": "diamond_ore",
        "redstone ore": "redstone_ore",
        "oak leaves_clear": "oak_leaves",
        "oak leaves_dark": true,
        "stone bricks": "stone_bricks",
        "dead bush": "dead_bush",
        "fern": "fern",
        "daylight sensor_top": "daylight_detector_top",
        "daylight sensor_bottom&side": "daylight_detector_side",
        "crafting table_sideShears": "crafting_table_side",
        "crafting table_sideSaw&Axe": "crafting_table_front",
        "furnace_front_on": "furnace_front_on",
        "furnace_top": "piston_bottom",
        "spruce sappling": "spruce_sapling",
        "wool": "white_wool",
        "monster spawner": "spawner",
        "snow block": "snow",
        "ice": "ice",
        "grass_side_snowy": "grass_block_snow",
        "cactus_top": "cactus_top",
        "cactus_side": "cactus_side",
        "cactus_bottom": "cactus_bottom",
        "clay block": "clay",
        "sugar cane": "sugar_cane",
        "jukebox_side": "note_block",
        "jukebox_top": "jukebox_top",
        "lilypad": "lily_pad",
        "grass_side_mycelium": "mycelium_side",
        "grass_top_mycelium": "mycelium_top",
        "birch sappling": "birch_sapling",
        "torch": "torch",
        "oak door_upper": "oak_door_top",
        "iron door_upper": "iron_door_top",
        "ladder": "ladder",
        "oak trapdoor": "oak_trapdoor",
        "iron bars": "iron_bars",
        "farmland_wet": "farmland_moist",
        "farmland_dry": "farmland",
        "wheat_0": "wheat_stage0",
        "wheat_1": "wheat_stage1",
        "wheat_2": "wheat_stage2",
        "wheat_3": "wheat_stage3",
        "wheat_4": "wheat_stage4",
        "wheat_5": "wheat_stage5",
        "wheat_6": "wheat_stage6",
        "wheat_7": "wheat_stage7",
        "lever": "lever",
        "oak door_lower": "oak_door_bottom",
        "iron door_lower": "iron_door_bottom",
        "redstone torch_on": "redstone_torch",
        "stone bricks_mossy": "mossy_stone_bricks",
        "stone bricks_cracked": "cracked_stone_bricks",
        "pumpkin_top": "pumpkin_top",
        "netherrack": "netherrack",
        "soul sand": "soul_sand",
        "glowstone": "glowstone",
        "piston_front_sticky": "piston_top_sticky",
        "piston_front": "piston_top",
        "piston_side": "piston_side",
        "piston_bottom": "piston_bottom",
        "piston_hole": "piston_inner",
        "melon&pumpkin stem_straight": "pumpkin_stem",
        "rail_curve": "rail_corner",
        "black wool": "black_wool",
        "gray wool": "light_gray_wool",
        "redstone torch_off": "redstone_torch_off",
        "spruce log_side": "spruce_log",
        "birch log_side": "birch_log",
        "pumpkin_side": "pumpkin_side",
        "pumpkin_front": "carved_pumpkin",
        "pumpkin_front_lit": "jack_o_lantern",
        "cake_top": "cake_top",
        "cake_side": "cake_side",
        "cake_side_middle": "cake_inner",
        "cake_bottom": "cake_bottom",
        "red mushroom block": "red_mushroom_block",
        "brown mushroom block": "brown_mushroom_block",
        "melon&pumpkin stem_curve": "attached_pumpkin_stem",
        "rail_straight": "rail",
        "red wool": "red_wool",
        "pink wool": "pink_wool",
        "repeater_off": "repeater",
        "spruce leaves_clear": "spruce_leaves",
        "spruce leaves_dark": true,
        "conduit": true,
        "turtle eggs_normal": "turtle_egg",
        "melon_side": "melon_side",
        "melon_top": "melon_top",
        "cauldron_rim": true,
        "cauldron_bottom": "cauldron_inner",
        "wet_sponge": "wet_sponge",
        "stem mushroom block": "mushroom_stem",
        "inside mushroom block": "mushroom_block_inside",
        "vines": "vine",
        "lapis block": "lapis_block",
        "green wool": "green_wool",
        "lime wool": "lime_wool",
        "repeater_on": "repeater_on",
        "glass pane_side": "glass_pane_top",
        "redstone_quad": true,
        "redstone_line": true,
        "turtle eggs_slightly_cracked": "turtle_egg_slightly_cracked",
        "turtle eggs_cracked": "turtle_egg_very_cracked",
        "jungle log_side": "jungle_log",
        "cauldron_side": "cauldron_side",
        "cauldron_feet": true,
        "brewing stand_bottom": "brewing_stand_base",
        "brewing stand_side": "brewing_stand",
        "portal frame_top": "end_portal_frame_top",
        "portal frame_side": "end_portal_frame_side",
        "lapis ore": "lapis_ore",
        "brown wool": "brown_wool",
        "yellow wool": "yellow_wool",
        "rail powered_off": "powered_rail",
        "enchantment table_top": "enchanting_table_top",
        "dragon egg": "dragon_egg",
        "cocoa beans_2": "cocoa_stage2",
        "cocoa beans_1": "cocoa_stage1",
        "cocoa beans_0": "cocoa_stage0",
        "emerald ore": "emerald_ore",
        "tripwire hook": "tripwire_hook",
        "string": false,
        "portal frame_eye": "end_portal_frame_eye",
        "end stone": "end_stone",
        "sandstone_bottom_smooth": "sandstone_top",
        "blue wool": "blue_wool",
        "light blue wool": "light_blue_wool",
        "rail powered_on": "powered_rail_on",
        "enchantment table_side": "enchanting_table_side",
        "enchantment table_bottom": "enchanting_table_bottom",
        "blue glide ring": false,
        "jukebox_bottom": "item_frame",
        "pot": "flower_pot",
        "comparator_off": "comparator",
        "comparator_on": "comparator_on",
        "rail activator_off": "activator_rail",
        "rail activator_on": "activator_rail_on",
        "nether quartz ore": "nether_quartz_ore",
        "sandstone_side": "sandstone",
        "purple wool": "purple_wool",
        "magenta wool": "magenta_wool",
        "rail detector_off": "detector_rail",
        "jungle leaves_clear": "jungle_leaves",
        "jungle leaves_dark": true,
        "spruce planks": "spruce_planks",
        "jungle planks": "jungle_planks",
        "carrots_0": "potatoes_stage0",
        "carrots_1": "potatoes_stage1",
        "carrots_2": "potatoes_stage2",
        "carrots_3": "carrots_stage3",
        "slime block": "slime_block",
        "sandstone_bottom": "sandstone_bottom",
        "cyan wool": "cyan_wool",
        "orange wool": "orange_wool",
        "redstone lamp_off": "redstone_lamp",
        "redstone lamp_on": "redstone_lamp_on",
        "stone bricks_chiseled": "chiseled_stone_bricks",
        "birch planks": "birch_planks",
        "anvil": "anvil",
        "anvil_top": "chipped_anvil_top",
        "quartz_top_chiseled": "chiseled_quartz_block_top",
        "quartz_top_pillar": "quartz_pillar_top",
        "quartz_top": "quartz_block_top",
        "hopper": "hopper_outside",
        "rail detector_on": "detector_rail_on",
        "nether bricks": "nether_bricks",
        "nether wart_0": "nether_wart_stage0",
        "nether wart_1": "nether_wart_stage1",
        "nether wart_2": "nether_wart_stage2",
        "sandstone_side_chiseled": "chiseled_sandstone",
        "sandstone_side_smooth": "cut_sandstone",
        "anvil_top_slightly_cracked": "anvil_top",
        "anvil_top_cracked": "damaged_anvil_top",
        "quartz_side_chiseled": "chiseled_quartz_block",
        "quartz_side_pillar": "quartz_pillar",
        "quartz_side": "quartz_block_top",
        "hopper_bottom": "hopper_inside",
        "break_0": "destroy_stage_0",
        "break_1": "destroy_stage_1",
        "break_2": "destroy_stage_2",
        "break_3": "destroy_stage_3",
        "break_4": "destroy_stage_4",
        "break_5": "destroy_stage_5",
        "break_6": "destroy_stage_6",
        "break_7": "destroy_stage_7",
        "break_8": "destroy_stage_8",
        "break_9": "destroy_stage_9",
        "hay_side": "hay_block_side",
        "quartz_bottom": "quartz_block_bottom",
        "hopper_rim": true,
        "hay_top": "hay_block_top",
        "coal block": "coal_block",
        "terracotta": "terracotta",
        "note block": "note_block",
        "andesite": "andesite",
        "andesite_polished": "polished_andesite",
        "diorite": "diorite",
        "diorite_polished": "polished_diorite",
        "granite": "granite",
        "granite_polished": "polished_granite",
        "potatoes_0": "potatoes_stage0",
        "potatoes_1": "potatoes_stage1",
        "potatoes_2": "potatoes_stage2",
        "potatoes_3": "potatoes_stage3",
        "spruce log_top": "spruce_log_top",
        "jungle log_top": "jungle_log_top",
        "birch log_top": "birch_log_top",
        "black terracotta": "black_terracotta",
        "blue terracotta": "blue_terracotta",
        "brown terracotta": "brown_terracotta",
        "cyan terracotta": "cyan_terracotta",
        "gray terracotta": "gray_terracotta",
        "green terracotta": "green_terracotta",
        "light blue terracotta": "light_blue_terracotta",
        "lime terracotta": "lime_terracotta",
        "magenta terracotta": "magenta_terracotta",
        "orange terracotta": "orange_terracotta",
        "pink terracotta": "pink_terracotta",
        "purple terracotta": "purple_terracotta",
        "red terracotta": "red_terracotta",
        "light gray terracotta": "light_gray_terracotta",
        "white terracotta": "white_terracotta",
        "yellow terracotta": "yellow_terracotta",
        "black glass": "black_stained_glass",
        "blue glass": "blue_stained_glass",
        "brown glass": "brown_stained_glass",
        "cyan glass": "cyan_stained_glass",
        "gray glass": "gray_stained_glass",
        "green glass": "green_stained_glass",
        "light blue glass": "light_blue_stained_glass",
        "lime glass": "lime_stained_glass",
        "magenta glass": "magenta_stained_glass",
        "orange glass": "orange_stained_glass",
        "pink glass": "pink_stained_glass",
        "purple glass": "purple_stained_glass",
        "red glass": "red_stained_glass",
        "light gray glass": "light_gray_stained_glass",
        "white glass": "white_stained_glass",
        "yellow glass": "yellow_stained_glass",
        "black glass pane_side": "black_stained_glass_pane_top",
        "blue glass pane_side": "blue_stained_glass_pane_top",
        "brown glass pane_side": "brown_stained_glass_pane_top",
        "cyan glass pane_side": "cyan_stained_glass_pane_top",
        "gray glass pane_side": "gray_stained_glass_pane_top",
        "green glass pane_side": "green_stained_glass_pane_top",
        "light blue glass pane_side": "light_blue_stained_glass_pane_top",
        "lime glass pane_side": "lime_stained_glass_pane_top",
        "magenta glass pane_side": "magenta_stained_glass_pane_top",
        "orange glass pane_side": "orange_stained_glass_pane_top",
        "pink glass pane_side": "pink_stained_glass_pane_top",
        "purple glass pane_side": "purple_stained_glass_pane_top",
        "red glass pane_side": "red_stained_glass_pane_top",
        "light gray glass pane_side": "light_gray_stained_glass_pane_top",
        "white glass pane_side": "white_stained_glass_pane_top",
        "yellow glass pane_side": "yellow_stained_glass_pane_top",
        "fern_tall_top": "large_fern_top",
        "grass_tall_top": "tall_grass_top",
        "peony_top": "peony_top",
        "rose bush_top": "rose_bush_bottom",
        "lilac_top": "lilac_top",
        "orange tulip": "orange_tulip",
        "sunflower_stem_top": "sunflower_top",
        "sunflower_flower_open": "sunflower_front",
        "acacia log_side": "acacia_log",
        "acacia log_top": "acacia_log_top",
        "acacia planks": "acacia_planks",
        "acacia leaves_clear": "acacia_leaves",
        "acacia leaves_dark": true,
        "prismarine bricks": "prismarine_bricks",
        "red sand": "red_sand",
        "red sandstone_bottom_smooth": "red_sandstone_top",
        "fern_tall_bottom": "large_fern_bottom",
        "grass_tall_bottom": "tall_grass_bottom",
        "peony_bottom": "peony_bottom",
        "rose bush_bottom": "rose_bush_bottom",
        "lilac_bottom": "lilac_bottom",
        "pink tulip": "pink_tulip",
        "sunflower_stem_bottom": "sunflower_bottom",
        "sunflower_flower_closed": "sunflower_back",
        "dark oak log_side": "dark_oak_log",
        "dark oak log_top": "dark_oak_log_top",
        "dark oak planks": "dark_oak_planks",
        "dark oak_leaves_clear": "dark_oak_leaves",
        "dark oak_leaves_dark": true,
        "dark prismarine": "dark_prismarine",
        "red sandstone_bottom": "red_sandstone_bottom",
        "red sandstone_side": "red_sandstone",
        "allium": "allium",
        "blue orchid": "blue_orchid",
        "azure bulet": "azure_bluet",
        "oxeye daisy": "oxeye_daisy",
        "red tulip": "red_tulip",
        "white tulip": "white_tulip",
        "acacia sappling": "acacia_sapling",
        "dark oak sappling": "dark_oak_sapling",
        "coarse dirt": "coarse_dirt",
        "dirt_side_podzol": "podzol_side",
        "grass_podzol_top": "podzol_top",
        "birch leaves_clear": "birch_leaves",
        "birch leaves_dark": true,
        "red sandstone_chiseled": "chiseled_red_sandstone",
        "red sandstone_smooth": "cut_red_sandstone",
        "acacia door_top": "acacia_door_top",
        "birch door_top": "birch_door_top",
        "dark oak door_top": "dark_oak_door_top",
        "jungle door_top": "jungle_door_top",
        "spruce door_top": "spruce_door_top",
        "chorus fruit_ripe": "chorus_flower",
        "chorus fruit": "chorus_flower_dead",
        "chorus stem": "chorus_plant",
        "end stone bricks": "end_stone_bricks",
        "grass_side_path": "grass_path_side",
        "grass_top_path": "grass_path_top",
        "barrier": false,
        "hardened ice": "packed_ice",
        "daylight sensor_top_night": "daylight_detector_inverted_top",
        "iron trapdoor": "iron_trapdoor",
        "acaica door_bottom": "acacia_door_bottom",
        "birch door_bottom": "birch_door_bottom",
        "dark oak door_bottom": "dark_oak_door_bottom",
        "jungle door_bottom": "jungle_door_bottom",
        "spruce door_bottom": "spruce_door_bottom",
        "purpur": "purpur_block",
        "purpur pillar_side": "purpur_pillar",
        "purpur pillar_top": "purpur_pillar_top",
        "end rod": "end_rod",
        "nether wart block": "nether_wart_block",
        "red nether bricks": "red_nether_bricks",
        "decaying ice_0": "ice",
        "decaying ice_1": "frosted_ice_1",
        "decaying ice_2": "frosted_ice_2",
        "decaying ice_3": "frosted_ice_3",
        "beetroots_0": "potatoes_stage0",
        "beetroots_1": "potatoes_stage1",
        "beetroots_2": "potatoes_stage2",
        "beetroots_3": "beetroots_stage3",
        "chain command block_square": "chain_command_block_back",
        "chain command block_arrow": "chain_command_block_conditional",
        "chain command block_circle": "chain_command_block_front",
        "chain command block_point": "chain_command_block_side",
        "command block_square": "command_block_back",
        "command block_arrow": "command_block_conditional",
        "command block_circle": "command_block_front",
        "command block_point": "command_block_side",
        "repeating command block_square": "repeating_command_block_back",
        "repeating command block_arrow": "repeating_command_block_conditional",
        "repeating command block_circle": "repeating_command_block_front",
        "repeating command block_point": "repeating_command_block_side",
        "bone block_side": "bone_block_side",
        "bone block_top": "bone_block_top",
        "observer_back": "observer_front",
        "observer_side": "observer_side",
        "observer_front_off": "observer_back",
        "observer_front_on": "observer_back_on",
        "observer_top": "observer_top",
        "yellow glide ring": false,
        "green glide ring": false,
        "structure block_complex": "structure_block",
        "structure block_square": "structure_block_corner",
        "structure block_plus": "structure_block_data",
        "structure block_diamond_unfilled": "structure_block_load",
        "structure block_diamond_filled": "structure_block_save",
        "black concrete": "black_concrete",
        "blue concrete": "blue_concrete",
        "brown concrete": "brown_concrete",
        "cyan concrete": "cyan_concrete",
        "gray concrete": "gray_concrete",
        "green concrete": "green_concrete",
        "light blue concrete": "light_blue_concrete",
        "lime concrete": "lime_concrete",
        "magenta concrete": "magenta_concrete",
        "orange concrete": "orange_concrete",
        "pink concrete": "pink_concrete",
        "purple concrete": "purple_concrete",
        "red concrete": "red_concrete",
        "light gray concrete": "light_gray_concrete",
        "white concrete": "white_concrete",
        "yellow concrete": "yellow_concrete",
        "black concrete powder": "black_concrete_powder",
        "blue concrete powder": "blue_concrete_powder",
        "brown concrete powder": "brown_concrete_powder",
        "cyan concrete powder": "cyan_concrete_powder",
        "gray concrete powder": "gray_concrete_powder",
        "green concrete powder": "green_concrete_powder",
        "light blue concrete powder": "light_blue_concrete_powder",
        "lime concrete powder": "lime_concrete_powder",
        "magenta concrete powder": "magenta_concrete_powder",
        "orange concrete powder": "orange_concrete_powder",
        "pink concrete powder": "pink_concrete_powder",
        "purple concrete powder": "purple_concrete_powder",
        "red concrete powder": "red_concrete_powder",
        "light gray concrete powder": "light_gray_concrete_powder",
        "white concrete powder": "white_concrete_powder",
        "yellow concrete powder": "yellow_concrete_powder",
        "black glazed terracotta": "black_glazed_terracotta",
        "blue glazed terracotta": "blue_glazed_terracotta",
        "brown glazed terracotta": "brown_glazed_terracotta",
        "cyan glazed terracotta": "cyan_glazed_terracotta",
        "gray glazed terracotta": "gray_glazed_terracotta",
        "green glazed terracotta": "green_glazed_terracotta",
        "light blue glazed terracotta": "light_blue_glazed_terracotta",
        "lime glazed terracotta": "lime_glazed_terracotta",
        "magenta glazed terracotta": "magenta_glazed_terracotta",
        "orange glazed terracotta": "orange_glazed_terracotta",
        "pink glazed terracotta": "pink_glazed_terracotta",
        "purple glazed terracotta": "purple_glazed_terracotta",
        "red glazed terracotta": "red_glazed_terracotta",
        "light gray glazed terracotta": "light_gray_glazed_terracotta",
        "white glazed terracotta": "white_glazed_terracotta",
        "yellow glazed terracotta": "yellow_glazed_terracotta",
        "tube coral block": "tube_coral_block",
        "bubble coral block": "bubble_coral_block",
        "brain coral block": "brain_coral_block",
        "fire coral block": "fire_coral_block",
        "horn coral block": "horn_coral_block",
        "tube coral": "tube_coral",
        "bubble coral": "bubble_coral",
        "brain coral": "brain_coral",
        "fire coral": "fire_coral",
        "horn coral": "horn_coral",
        "sea pickle": "sea_pickle",
        "blue ice": "blue_ice",
        "dried kelp block_top": "dried_kelp_top",
        "dreid kelp block_side": "dried_kelp_side",
        "tube coral block_dead": "dead_tube_coral_block",
        "bubble coral block_dead": "dead_bubble_coral_block",
        "brain coral block_dead": "dead_brain_coral_block",
        "fire coral block_dead": "dead_fire_coral_block",
        "horn coral block_dead": "dead_horn_coral_block",
        "tube coral_fan": "tube_coral_fan",
        "bubble coral_fan": "bubble_coral_fan",
        "brain coral_fan": "brain_coral_fan",
        "fire coral_fan": "fire_coral_fan",
        "horn coral_fan": "horn_coral_fan",
        "seagrass": "seagrass",
        "tube coral_fan_dead": "dead_tube_coral",
        "bubble coral_fan_dead": "dead_bubble_coral",
        "brain coral_fan_dead": "dead_brain_coral",
        "fire coral_fan_dead": "dead_fire_coral",
        "horn coral_fan_dead": "dead_horn_coral",
        "spruce trapdoor": "spruce_trapdoor",
        "oak log_side_stripped": "stripped_oak_log",
        "oak log_top_stripped": "stripped_oak_log_top",
        "acacia log_side_stripped": "stripped_acacia_log",
        "acacia log_top_stripped": "stripped_acacia_log_top",
        "birch log_side_stripped": "stripped_birch_log",
        "birch log_top_stripped": "stripped_birch_log_top",
        "dark oak log_side_stripped": "stripped_dark_oak_log",
        "dark oak log_top_stripped": "stripped_dark_oak_log_top",
        "jungle log_side_stripped": "stripped_jungle_log",
        "jungle log_top_stripped": "stripped_jungle_log_top",
        "spruce log_side_stripped": "stripped_spruce_log",
        "spruce log_top_stripped": "stripped_spruce_log_top",
        "acacia trapdoor": "acacia_trapdoor",
        "birch trapdoor": "birch_trapdoor",
        "dark oak trapdoor": "dark_oak_trapdoor",
        "jungle trapdoor": "jungle_trapdoor"
    },
    "block_abstract": {
        "sea lantern": "sea_lantern",
        "magma block": "magma",
        "prismarine": "prismarine",
        "water": "water_still",
        "waterMip2": true,
        "waterMip3": true,
        "waterMip4": true,
        "waterMip5": true,
        "water_flow": "water_flow",
        "water_flowMip2": true,
        "water_flowMip3": true,
        "water_flowMip4": true,
        "water_flowMip5": true,
        "cauldron_water": "water_still",
        "seagrass_short": "seagrass",
        "seagrass_tall_top": "tall_seagrass_top",
        "seagrass_tall_bottom": "tall_seagrass_bottom",
        "kelp": "kelp_plant",
        "kelp_top": "kelp",
        "fire_0": "fire_0",
        "fire_1": "fire_1",
        "lava": "lava_still",
        "lava_flow": "lava_flow",
        "nether portal": "nether_portal"
    }
}