{"versions": {"1.14": {"block": {"smooth stone_side": "smooth_stone_slab_side", "smooth stone_top": "smooth_stone"}}, "1.14.2": {"block": {"smooth stone_side": "smooth_stone_slab_side", "smooth stone_top": "smooth_stone"}}, "1.14.3": {"block": {"smooth stone_side": "smooth_stone_slab_side", "smooth stone_top": "smooth_stone"}}, "1.14.4": {"block": {"smooth stone_side": "smooth_stone_slab_side", "smooth stone_top": "smooth_stone"}}, "1.15": {"block": {"smooth stone_side": "smooth_stone_slab_side", "smooth stone_top": "smooth_stone"}}, "1.15.1": {"block": {"smooth stone_side": "smooth_stone_slab_side", "smooth stone_top": "smooth_stone"}}, "1.15.2": {"block": {"smooth stone_side": "smooth_stone_slab_side", "smooth stone_top": "smooth_stone"}}, "1.16": {"block": {"smooth stone_side": "smooth_stone_slab_side", "smooth stone_top": "smooth_stone"}}, "1.16.1": {"block": {"smooth stone_side": "smooth_stone_slab_side", "smooth stone_top": "smooth_stone"}}, "1.16.5": {"block": {"smooth stone_side": "smooth_stone_slab_side", "smooth stone_top": "smooth_stone"}}, "1.17.1": {"block": {"smooth stone_side": "smooth_stone_slab_side", "smooth stone_top": "smooth_stone", "grass_side_path": "dirt_path_side", "grass_top_path": "dirt_path_top"}}, "1.18.2": {"block": {"smooth stone_side": "smooth_stone_slab_side", "smooth stone_top": "smooth_stone", "grass_side_path": "dirt_path_side", "grass_top_path": "dirt_path_top"}}, "1.19.2": {"block": {"smooth stone_side": "smooth_stone_slab_side", "smooth stone_top": "smooth_stone", "grass_side_path": "dirt_path_side", "grass_top_path": "dirt_path_top"}}, "1.19.3": {"block": {"smooth stone_side": "smooth_stone_slab_side", "smooth stone_top": "smooth_stone", "grass_side_path": "dirt_path_side", "grass_top_path": "dirt_path_top"}}, "1.19.4": {"block": {"smooth stone_side": "smooth_stone_slab_side", "smooth stone_top": "smooth_stone", "grass_side_path": "dirt_path_side", "grass_top_path": "dirt_path_top"}}, "1.14.1": {"block": {"smooth stone_side": "smooth_stone_slab_side", "smooth stone_top": "smooth_stone"}}, "1.16.2": {"block": {"smooth stone_side": "smooth_stone_slab_side", "smooth stone_top": "smooth_stone"}}, "1.16.3": {"block": {"smooth stone_side": "smooth_stone_slab_side", "smooth stone_top": "smooth_stone"}}, "1.16.4": {"block": {"smooth stone_side": "smooth_stone_slab_side", "smooth stone_top": "smooth_stone"}}, "1.17": {"block": {"smooth stone_side": "smooth_stone_slab_side", "smooth stone_top": "smooth_stone", "grass_side_path": "dirt_path_side", "grass_top_path": "dirt_path_top"}}, "1.18": {"block": {"smooth stone_side": "smooth_stone_slab_side", "smooth stone_top": "smooth_stone", "grass_side_path": "dirt_path_side", "grass_top_path": "dirt_path_top"}}, "1.18.1": {"block": {"smooth stone_side": "smooth_stone_slab_side", "smooth stone_top": "smooth_stone", "grass_side_path": "dirt_path_side", "grass_top_path": "dirt_path_top"}}, "1.19": {"block": {"smooth stone_side": "smooth_stone_slab_side", "smooth stone_top": "smooth_stone", "grass_side_path": "dirt_path_side", "grass_top_path": "dirt_path_top"}}, "1.19.1": {"block": {"smooth stone_side": "smooth_stone_slab_side", "smooth stone_top": "smooth_stone", "grass_side_path": "dirt_path_side", "grass_top_path": "dirt_path_top"}}, "1.20": {"block": {"smooth stone_side": "smooth_stone_slab_side", "smooth stone_top": "smooth_stone", "grass_side_path": "dirt_path_side", "grass_top_path": "dirt_path_top"}}, "1.20.1": {"block": {"smooth stone_side": "smooth_stone_slab_side", "smooth stone_top": "smooth_stone", "grass_side_path": "dirt_path_side", "grass_top_path": "dirt_path_top"}}, "1.20.2": {"block": {"smooth stone_side": "smooth_stone_slab_side", "smooth stone_top": "smooth_stone", "grass_side_path": "dirt_path_side", "grass_top_path": "dirt_path_top"}}}}